Type,Meta: Product url,Product id,SKU,Parent,Name,Brand,Meta: Store,Published,Is featured?,Visibility in catalog,Short description,Description,Tax status,In stock?,Backorders allowed?,Meta: Weight,Meta: Profit margin rate,Meta: Original price in usd,Meta: Estimated shipping cost in usd,Meta: Estimated profit in usd,Meta: Final price in usd,Regular price,Categories,Images,Swatch url,Attribute 1 name,Attribute 1 value(s),Attribute 1 visible,Attribute 1 global,Attribute 1 default,Attribute 2 name,Attribute 2 value(s),Attribute 2 visible,Attribute 2 global,Attribute 2 default,Attribute 3 name,Attribute 3 value(s),Attribute 3 visible,Attribute 3 global,Attribute 3 default
variable,https://www.macys.com/shop/product/michael-michael-kors-lillie-moccasin-flats?ID=6537373,,macys-6537373,,Lillie Moccasin Flats,Michael Kors,Macys,1,0,visible,MICHAEL Michael Kors brings a staple to your wardrobe in the classically sleek lines and bold logo hardware on these Lillie moccasin flats.,"<p>MICHAEL Michael Kors brings a staple to your wardrobe in the classically sleek lines and bold logo hardware on these Lillie moccasin flats.</p><ul><li>3/4"" heel</li><li>Round-toe slip-on flats</li><li>Logo hardware detail at toe cap</li><li>Leather or manmade uppers; manmade lining; rubber sole</li><li>Imported</li><ul>",taxable,1,0,1.0,0.5,99.0,5.0,49.5,153.5,17200,Women>Shoes>Flats,"https://slimages.macysassets.com/is/image/MCY/products/9/optimized/11288509_fpx.tif?op_sharpen=1&wid=1230&hei=1500,https://slimages.macysassets.com/is/image/MCY/products/1/optimized/11288511_fpx.tif?op_sharpen=1&wid=1230&hei=1500,https://slimages.macysassets.com/is/image/MCY/products/3/optimized/11288513_fpx.tif?op_sharpen=1&wid=1230&hei=1500",,colors,"Brown Logo,Black/ Silver Buckle,Acorn,Bright Red,Soft Pink,Shiny Black,Bright White Logo,Black Logo,Optic White,Light Blush,Hemp",1,1,Soft Pink,sizes,"5M,5.5M,6M,6.5M,7M,7.5M,8M,8.5M,9M,9.5M,10M,11M,4M,4.5M,12M",1,1,,,,,,
variation,https://www.macys.com/shop/product/michael-michael-kors-lillie-moccasin-flats?ID=6537373,,,macys-6537373,Lillie Moccasin Flats,Michael Kors,Macys,1,0,visible,,,taxable,1,0,1.0,0.5,99.0,5.0,49.5,153.5,17200,Women>Shoes>Flats,"https://slimages.macysassets.com/is/image/MCY/products/1/optimized/10318961_fpx.tif?op_sharpen=1&wid=1230&hei=1500,https://slimages.macysassets.com/is/image/MCY/products/3/optimized/10318963_fpx.tif?op_sharpen=1&wid=1230&hei=1500,https://slimages.macysassets.com/is/image/MCY/products/5/optimized/10318965_fpx.tif?op_sharpen=1&wid=1230&hei=1500",,colors,Brown Logo,1,1,,sizes,5M,1,1,,,,,,
variation,https://www.macys.com/shop/product/michael-michael-kors-lillie-moccasin-flats?ID=6537373,,,macys-6537373,Lillie Moccasin Flats,Michael Kors,Macys,1,0,visible,,,taxable,1,0,1.0,0.5,99.0,5.0,49.5,153.5,17200,Women>Shoes>Flats,"https://slimages.macysassets.com/is/image/MCY/products/1/optimized/10318961_fpx.tif?op_sharpen=1&wid=1230&hei=1500,https://slimages.macysassets.com/is/image/MCY/products/3/optimized/10318963_fpx.tif?op_sharpen=1&wid=1230&hei=1500,https://slimages.macysassets.com/is/image/MCY/products/5/optimized/10318965_fpx.tif?op_sharpen=1&wid=1230&hei=1500",,colors,Brown Logo,1,1,,sizes,5.5M,1,1,,,,,,
variation,https://www.macys.com/shop/product/michael-michael-kors-lillie-moccasin-flats?ID=6537373,,,macys-6537373,Lillie Moccasin Flats,Michael Kors,Macys,1,0,visible,,,taxable,1,0,1.0,0.5,99.0,5.0,49.5,153.5,17200,Women>Shoes>Flats,"https://slimages.macysassets.com/is/image/MCY/products/1/optimized/10318961_fpx.tif?op_sharpen=1&wid=1230&hei=1500,https://slimages.macysassets.com/is/image/MCY/products/3/optimized/10318963_fpx.tif?op_sharpen=1&wid=1230&hei=1500,https://slimages.macysassets.com/is/image/MCY/products/5/optimized/10318965_fpx.tif?op_sharpen=1&wid=1230&hei=1500",,colors,Brown Logo,1,1,,sizes,6M,1,1,,,,,,
variation,https://www.macys.com/shop/product/michael-michael-kors-lillie-moccasin-flats?ID=6537373,,,macys-6537373,Lillie Moccasin Flats,Michael Kors,Macys,1,0,visible,,,taxable,1,0,1.0,0.5,99.0,5.0,49.5,153.5,17200,Women>Shoes>Flats,"https://slimages.macysassets.com/is/image/MCY/products/1/optimized/10318961_fpx.tif?op_sharpen=1&wid=1230&hei=1500,https://slimages.macysassets.com/is/image/MCY/products/3/optimized/10318963_fpx.tif?op_sharpen=1&wid=1230&hei=1500,https://slimages.macysassets.com/is/image/MCY/products/5/optimized/10318965_fpx.tif?op_sharpen=1&wid=1230&hei=1500",,colors,Brown Logo,1,1,,sizes,6.5M,1,1,,,,,,
variation,https://www.macys.com/shop/product/michael-michael-kors-lillie-moccasin-flats?ID=6537373,,,macys-6537373,Lillie Moccasin Flats,Michael Kors,Macys,1,0,visible,,,taxable,1,0,1.0,0.5,99.0,5.0,49.5,153.5,17200,Women>Shoes>Flats,"https://slimages.macysassets.com/is/image/MCY/products/1/optimized/10318961_fpx.tif?op_sharpen=1&wid=1230&hei=1500,https://slimages.macysassets.com/is/image/MCY/products/3/optimized/10318963_fpx.tif?op_sharpen=1&wid=1230&hei=1500,https://slimages.macysassets.com/is/image/MCY/products/5/optimized/10318965_fpx.tif?op_sharpen=1&wid=1230&hei=1500",,colors,Brown Logo,1,1,,sizes,7M,1,1,,,,,,
variation,https://www.macys.com/shop/product/michael-michael-kors-lillie-moccasin-flats?ID=6537373,,,macys-6537373,Lillie Moccasin Flats,Michael Kors,Macys,1,0,visible,,,taxable,1,0,1.0,0.5,99.0,5.0,49.5,153.5,17200,Women>Shoes>Flats,"https://slimages.macysassets.com/is/image/MCY/products/1/optimized/10318961_fpx.tif?op_sharpen=1&wid=1230&hei=1500,https://slimages.macysassets.com/is/image/MCY/products/3/optimized/10318963_fpx.tif?op_sharpen=1&wid=1230&hei=1500,https://slimages.macysassets.com/is/image/MCY/products/5/optimized/10318965_fpx.tif?op_sharpen=1&wid=1230&hei=1500",,colors,Brown Logo,1,1,,sizes,7.5M,1,1,,,,,,
variation,https://www.macys.com/shop/product/michael-michael-kors-lillie-moccasin-flats?ID=6537373,,,macys-6537373,Lillie Moccasin Flats,Michael Kors,Macys,1,0,visible,,,taxable,1,0,1.0,0.5,99.0,5.0,49.5,153.5,17200,Women>Shoes>Flats,"https://slimages.macysassets.com/is/image/MCY/products/1/optimized/10318961_fpx.tif?op_sharpen=1&wid=1230&hei=1500,https://slimages.macysassets.com/is/image/MCY/products/3/optimized/10318963_fpx.tif?op_sharpen=1&wid=1230&hei=1500,https://slimages.macysassets.com/is/image/MCY/products/5/optimized/10318965_fpx.tif?op_sharpen=1&wid=1230&hei=1500",,colors,Brown Logo,1,1,,sizes,8M,1,1,,,,,,
variation,https://www.macys.com/shop/product/michael-michael-kors-lillie-moccasin-flats?ID=6537373,,,macys-6537373,Lillie Moccasin Flats,Michael Kors,Macys,1,0,visible,,,taxable,1,0,1.0,0.5,99.0,5.0,49.5,153.5,17200,Women>Shoes>Flats,"https://slimages.macysassets.com/is/image/MCY/products/1/optimized/10318961_fpx.tif?op_sharpen=1&wid=1230&hei=1500,https://slimages.macysassets.com/is/image/MCY/products/3/optimized/10318963_fpx.tif?op_sharpen=1&wid=1230&hei=1500,https://slimages.macysassets.com/is/image/MCY/products/5/optimized/10318965_fpx.tif?op_sharpen=1&wid=1230&hei=1500",,colors,Brown Logo,1,1,,sizes,8.5M,1,1,,,,,,
variation,https://www.macys.com/shop/product/michael-michael-kors-lillie-moccasin-flats?ID=6537373,,,macys-6537373,Lillie Moccasin Flats,Michael Kors,Macys,1,0,visible,,,taxable,1,0,1.0,0.5,99.0,5.0,49.5,153.5,17200,Women>Shoes>Flats,"https://slimages.macysassets.com/is/image/MCY/products/1/optimized/10318961_fpx.tif?op_sharpen=1&wid=1230&hei=1500,https://slimages.macysassets.com/is/image/MCY/products/3/optimized/10318963_fpx.tif?op_sharpen=1&wid=1230&hei=1500,https://slimages.macysassets.com/is/image/MCY/products/5/optimized/10318965_fpx.tif?op_sharpen=1&wid=1230&hei=1500",,colors,Brown Logo,1,1,,sizes,9M,1,1,,,,,,
variation,https://www.macys.com/shop/product/michael-michael-kors-lillie-moccasin-flats?ID=6537373,,,macys-6537373,Lillie Moccasin Flats,Michael Kors,Macys,1,0,visible,,,taxable,1,0,1.0,0.5,99.0,5.0,49.5,153.5,17200,Women>Shoes>Flats,"https://slimages.macysassets.com/is/image/MCY/products/1/optimized/10318961_fpx.tif?op_sharpen=1&wid=1230&hei=1500,https://slimages.macysassets.com/is/image/MCY/products/3/optimized/10318963_fpx.tif?op_sharpen=1&wid=1230&hei=1500,https://slimages.macysassets.com/is/image/MCY/products/5/optimized/10318965_fpx.tif?op_sharpen=1&wid=1230&hei=1500",,colors,Brown Logo,1,1,,sizes,9.5M,1,1,,,,,,
variation,https://www.macys.com/shop/product/michael-michael-kors-lillie-moccasin-flats?ID=6537373,,,macys-6537373,Lillie Moccasin Flats,Michael Kors,Macys,1,0,visible,,,taxable,1,0,1.0,0.5,99.0,5.0,49.5,153.5,17200,Women>Shoes>Flats,"https://slimages.macysassets.com/is/image/MCY/products/1/optimized/10318961_fpx.tif?op_sharpen=1&wid=1230&hei=1500,https://slimages.macysassets.com/is/image/MCY/products/3/optimized/10318963_fpx.tif?op_sharpen=1&wid=1230&hei=1500,https://slimages.macysassets.com/is/image/MCY/products/5/optimized/10318965_fpx.tif?op_sharpen=1&wid=1230&hei=1500",,colors,Brown Logo,1,1,,sizes,10M,1,1,,,,,,
variation,https://www.macys.com/shop/product/michael-michael-kors-lillie-moccasin-flats?ID=6537373,,,macys-6537373,Lillie Moccasin Flats,Michael Kors,Macys,1,0,visible,,,taxable,1,0,1.0,0.5,99.0,5.0,49.5,153.5,17200,Women>Shoes>Flats,"https://slimages.macysassets.com/is/image/MCY/products/1/optimized/10318961_fpx.tif?op_sharpen=1&wid=1230&hei=1500,https://slimages.macysassets.com/is/image/MCY/products/3/optimized/10318963_fpx.tif?op_sharpen=1&wid=1230&hei=1500,https://slimages.macysassets.com/is/image/MCY/products/5/optimized/10318965_fpx.tif?op_sharpen=1&wid=1230&hei=1500",,colors,Brown Logo,1,1,,sizes,11M,1,1,,,,,,
variation,https://www.macys.com/shop/product/michael-michael-kors-lillie-moccasin-flats?ID=6537373,,,macys-6537373,Lillie Moccasin Flats,Michael Kors,Macys,1,0,visible,,,taxable,1,0,1.0,0.5,99.0,5.0,49.5,153.5,17200,Women>Shoes>Flats,"https://slimages.macysassets.com/is/image/MCY/products/3/optimized/11606463_fpx.tif?op_sharpen=1&wid=1230&hei=1500,https://slimages.macysassets.com/is/image/MCY/products/5/optimized/11606465_fpx.tif?op_sharpen=1&wid=1230&hei=1500,https://slimages.macysassets.com/is/image/MCY/products/7/optimized/11606467_fpx.tif?op_sharpen=1&wid=1230&hei=1500",,colors,Black/ Silver Buckle,1,1,,sizes,5M,1,1,,,,,,
variation,https://www.macys.com/shop/product/michael-michael-kors-lillie-moccasin-flats?ID=6537373,,,macys-6537373,Lillie Moccasin Flats,Michael Kors,Macys,1,0,visible,,,taxable,1,0,1.0,0.5,99.0,5.0,49.5,153.5,17200,Women>Shoes>Flats,"https://slimages.macysassets.com/is/image/MCY/products/3/optimized/11606463_fpx.tif?op_sharpen=1&wid=1230&hei=1500,https://slimages.macysassets.com/is/image/MCY/products/5/optimized/11606465_fpx.tif?op_sharpen=1&wid=1230&hei=1500,https://slimages.macysassets.com/is/image/MCY/products/7/optimized/11606467_fpx.tif?op_sharpen=1&wid=1230&hei=1500",,colors,Black/ Silver Buckle,1,1,,sizes,5.5M,1,1,,,,,,
variation,https://www.macys.com/shop/product/michael-michael-kors-lillie-moccasin-flats?ID=6537373,,,macys-6537373,Lillie Moccasin Flats,Michael Kors,Macys,1,0,visible,,,taxable,1,0,1.0,0.5,99.0,5.0,49.5,153.5,17200,Women>Shoes>Flats,"https://slimages.macysassets.com/is/image/MCY/products/3/optimized/11606463_fpx.tif?op_sharpen=1&wid=1230&hei=1500,https://slimages.macysassets.com/is/image/MCY/products/5/optimized/11606465_fpx.tif?op_sharpen=1&wid=1230&hei=1500,https://slimages.macysassets.com/is/image/MCY/products/7/optimized/11606467_fpx.tif?op_sharpen=1&wid=1230&hei=1500",,colors,Black/ Silver Buckle,1,1,,sizes,6M,1,1,,,,,,
variation,https://www.macys.com/shop/product/michael-michael-kors-lillie-moccasin-flats?ID=6537373,,,macys-6537373,Lillie Moccasin Flats,Michael Kors,Macys,1,0,visible,,,taxable,1,0,1.0,0.5,99.0,5.0,49.5,153.5,17200,Women>Shoes>Flats,"https://slimages.macysassets.com/is/image/MCY/products/3/optimized/11606463_fpx.tif?op_sharpen=1&wid=1230&hei=1500,https://slimages.macysassets.com/is/image/MCY/products/5/optimized/11606465_fpx.tif?op_sharpen=1&wid=1230&hei=1500,https://slimages.macysassets.com/is/image/MCY/products/7/optimized/11606467_fpx.tif?op_sharpen=1&wid=1230&hei=1500",,colors,Black/ Silver Buckle,1,1,,sizes,6.5M,1,1,,,,,,
variation,https://www.macys.com/shop/product/michael-michael-kors-lillie-moccasin-flats?ID=6537373,,,macys-6537373,Lillie Moccasin Flats,Michael Kors,Macys,1,0,visible,,,taxable,1,0,1.0,0.5,99.0,5.0,49.5,153.5,17200,Women>Shoes>Flats,"https://slimages.macysassets.com/is/image/MCY/products/3/optimized/11606463_fpx.tif?op_sharpen=1&wid=1230&hei=1500,https://slimages.macysassets.com/is/image/MCY/products/5/optimized/11606465_fpx.tif?op_sharpen=1&wid=1230&hei=1500,https://slimages.macysassets.com/is/image/MCY/products/7/optimized/11606467_fpx.tif?op_sharpen=1&wid=1230&hei=1500",,colors,Black/ Silver Buckle,1,1,,sizes,7M,1,1,,,,,,
variation,https://www.macys.com/shop/product/michael-michael-kors-lillie-moccasin-flats?ID=6537373,,,macys-6537373,Lillie Moccasin Flats,Michael Kors,Macys,1,0,visible,,,taxable,1,0,1.0,0.5,99.0,5.0,49.5,153.5,17200,Women>Shoes>Flats,"https://slimages.macysassets.com/is/image/MCY/products/3/optimized/11606463_fpx.tif?op_sharpen=1&wid=1230&hei=1500,https://slimages.macysassets.com/is/image/MCY/products/5/optimized/11606465_fpx.tif?op_sharpen=1&wid=1230&hei=1500,https://slimages.macysassets.com/is/image/MCY/products/7/optimized/11606467_fpx.tif?op_sharpen=1&wid=1230&hei=1500",,colors,Black/ Silver Buckle,1,1,,sizes,7.5M,1,1,,,,,,
variation,https://www.macys.com/shop/product/michael-michael-kors-lillie-moccasin-flats?ID=6537373,,,macys-6537373,Lillie Moccasin Flats,Michael Kors,Macys,1,0,visible,,,taxable,1,0,1.0,0.5,99.0,5.0,49.5,153.5,17200,Women>Shoes>Flats,"https://slimages.macysassets.com/is/image/MCY/products/3/optimized/11606463_fpx.tif?op_sharpen=1&wid=1230&hei=1500,https://slimages.macysassets.com/is/image/MCY/products/5/optimized/11606465_fpx.tif?op_sharpen=1&wid=1230&hei=1500,https://slimages.macysassets.com/is/image/MCY/products/7/optimized/11606467_fpx.tif?op_sharpen=1&wid=1230&hei=1500",,colors,Black/ Silver Buckle,1,1,,sizes,8M,1,1,,,,,,
variation,https://www.macys.com/shop/product/michael-michael-kors-lillie-moccasin-flats?ID=6537373,,,macys-6537373,Lillie Moccasin Flats,Michael Kors,Macys,1,0,visible,,,taxable,1,0,1.0,0.5,99.0,5.0,49.5,153.5,17200,Women>Shoes>Flats,"https://slimages.macysassets.com/is/image/MCY/products/3/optimized/11606463_fpx.tif?op_sharpen=1&wid=1230&hei=1500,https://slimages.macysassets.com/is/image/MCY/products/5/optimized/11606465_fpx.tif?op_sharpen=1&wid=1230&hei=1500,https://slimages.macysassets.com/is/image/MCY/products/7/optimized/11606467_fpx.tif?op_sharpen=1&wid=1230&hei=1500",,colors,Black/ Silver Buckle,1,1,,sizes,8.5M,1,1,,,,,,
variation,https://www.macys.com/shop/product/michael-michael-kors-lillie-moccasin-flats?ID=6537373,,,macys-6537373,Lillie Moccasin Flats,Michael Kors,Macys,1,0,visible,,,taxable,1,0,1.0,0.5,99.0,5.0,49.5,153.5,17200,Women>Shoes>Flats,"https://slimages.macysassets.com/is/image/MCY/products/3/optimized/11606463_fpx.tif?op_sharpen=1&wid=1230&hei=1500,https://slimages.macysassets.com/is/image/MCY/products/5/optimized/11606465_fpx.tif?op_sharpen=1&wid=1230&hei=1500,https://slimages.macysassets.com/is/image/MCY/products/7/optimized/11606467_fpx.tif?op_sharpen=1&wid=1230&hei=1500",,colors,Black/ Silver Buckle,1,1,,sizes,9M,1,1,,,,,,
variation,https://www.macys.com/shop/product/michael-michael-kors-lillie-moccasin-flats?ID=6537373,,,macys-6537373,Lillie Moccasin Flats,Michael Kors,Macys,1,0,visible,,,taxable,1,0,1.0,0.5,99.0,5.0,49.5,153.5,17200,Women>Shoes>Flats,"https://slimages.macysassets.com/is/image/MCY/products/3/optimized/11606463_fpx.tif?op_sharpen=1&wid=1230&hei=1500,https://slimages.macysassets.com/is/image/MCY/products/5/optimized/11606465_fpx.tif?op_sharpen=1&wid=1230&hei=1500,https://slimages.macysassets.com/is/image/MCY/products/7/optimized/11606467_fpx.tif?op_sharpen=1&wid=1230&hei=1500",,colors,Black/ Silver Buckle,1,1,,sizes,9.5M,1,1,,,,,,
variation,https://www.macys.com/shop/product/michael-michael-kors-lillie-moccasin-flats?ID=6537373,,,macys-6537373,Lillie Moccasin Flats,Michael Kors,Macys,1,0,visible,,,taxable,1,0,1.0,0.5,99.0,5.0,49.5,153.5,17200,Women>Shoes>Flats,"https://slimages.macysassets.com/is/image/MCY/products/3/optimized/11606463_fpx.tif?op_sharpen=1&wid=1230&hei=1500,https://slimages.macysassets.com/is/image/MCY/products/5/optimized/11606465_fpx.tif?op_sharpen=1&wid=1230&hei=1500,https://slimages.macysassets.com/is/image/MCY/products/7/optimized/11606467_fpx.tif?op_sharpen=1&wid=1230&hei=1500",,colors,Black/ Silver Buckle,1,1,,sizes,10M,1,1,,,,,,
variation,https://www.macys.com/shop/product/michael-michael-kors-lillie-moccasin-flats?ID=6537373,,,macys-6537373,Lillie Moccasin Flats,Michael Kors,Macys,1,0,visible,,,taxable,1,0,1.0,0.5,99.0,5.0,49.5,153.5,17200,Women>Shoes>Flats,"https://slimages.macysassets.com/is/image/MCY/products/3/optimized/11606463_fpx.tif?op_sharpen=1&wid=1230&hei=1500,https://slimages.macysassets.com/is/image/MCY/products/5/optimized/11606465_fpx.tif?op_sharpen=1&wid=1230&hei=1500,https://slimages.macysassets.com/is/image/MCY/products/7/optimized/11606467_fpx.tif?op_sharpen=1&wid=1230&hei=1500",,colors,Black/ Silver Buckle,1,1,,sizes,11M,1,1,,,,,,
variation,https://www.macys.com/shop/product/michael-michael-kors-lillie-moccasin-flats?ID=6537373,,,macys-6537373,Lillie Moccasin Flats,Michael Kors,Macys,1,0,visible,,,taxable,1,0,1.0,0.5,99.0,5.0,49.5,153.5,17200,Women>Shoes>Flats,"https://slimages.macysassets.com/is/image/MCY/products/3/optimized/10318973_fpx.tif?op_sharpen=1&wid=1230&hei=1500,https://slimages.macysassets.com/is/image/MCY/products/5/optimized/10318975_fpx.tif?op_sharpen=1&wid=1230&hei=1500,https://slimages.macysassets.com/is/image/MCY/products/7/optimized/10318977_fpx.tif?op_sharpen=1&wid=1230&hei=1500",,colors,Acorn,1,1,,sizes,5M,1,1,,,,,,
variation,https://www.macys.com/shop/product/michael-michael-kors-lillie-moccasin-flats?ID=6537373,,,macys-6537373,Lillie Moccasin Flats,Michael Kors,Macys,1,0,visible,,,taxable,1,0,1.0,0.5,99.0,5.0,49.5,153.5,17200,Women>Shoes>Flats,"https://slimages.macysassets.com/is/image/MCY/products/3/optimized/10318973_fpx.tif?op_sharpen=1&wid=1230&hei=1500,https://slimages.macysassets.com/is/image/MCY/products/5/optimized/10318975_fpx.tif?op_sharpen=1&wid=1230&hei=1500,https://slimages.macysassets.com/is/image/MCY/products/7/optimized/10318977_fpx.tif?op_sharpen=1&wid=1230&hei=1500",,colors,Acorn,1,1,,sizes,5.5M,1,1,,,,,,
variation,https://www.macys.com/shop/product/michael-michael-kors-lillie-moccasin-flats?ID=6537373,,,macys-6537373,Lillie Moccasin Flats,Michael Kors,Macys,1,0,visible,,,taxable,1,0,1.0,0.5,99.0,5.0,49.5,153.5,17200,Women>Shoes>Flats,"https://slimages.macysassets.com/is/image/MCY/products/3/optimized/10318973_fpx.tif?op_sharpen=1&wid=1230&hei=1500,https://slimages.macysassets.com/is/image/MCY/products/5/optimized/10318975_fpx.tif?op_sharpen=1&wid=1230&hei=1500,https://slimages.macysassets.com/is/image/MCY/products/7/optimized/10318977_fpx.tif?op_sharpen=1&wid=1230&hei=1500",,colors,Acorn,1,1,,sizes,6M,1,1,,,,,,
variation,https://www.macys.com/shop/product/michael-michael-kors-lillie-moccasin-flats?ID=6537373,,,macys-6537373,Lillie Moccasin Flats,Michael Kors,Macys,1,0,visible,,,taxable,1,0,1.0,0.5,99.0,5.0,49.5,153.5,17200,Women>Shoes>Flats,"https://slimages.macysassets.com/is/image/MCY/products/3/optimized/10318973_fpx.tif?op_sharpen=1&wid=1230&hei=1500,https://slimages.macysassets.com/is/image/MCY/products/5/optimized/10318975_fpx.tif?op_sharpen=1&wid=1230&hei=1500,https://slimages.macysassets.com/is/image/MCY/products/7/optimized/10318977_fpx.tif?op_sharpen=1&wid=1230&hei=1500",,colors,Acorn,1,1,,sizes,6.5M,1,1,,,,,,
variation,https://www.macys.com/shop/product/michael-michael-kors-lillie-moccasin-flats?ID=6537373,,,macys-6537373,Lillie Moccasin Flats,Michael Kors,Macys,1,0,visible,,,taxable,1,0,1.0,0.5,99.0,5.0,49.5,153.5,17200,Women>Shoes>Flats,"https://slimages.macysassets.com/is/image/MCY/products/3/optimized/10318973_fpx.tif?op_sharpen=1&wid=1230&hei=1500,https://slimages.macysassets.com/is/image/MCY/products/5/optimized/10318975_fpx.tif?op_sharpen=1&wid=1230&hei=1500,https://slimages.macysassets.com/is/image/MCY/products/7/optimized/10318977_fpx.tif?op_sharpen=1&wid=1230&hei=1500",,colors,Acorn,1,1,,sizes,7M,1,1,,,,,,
variation,https://www.macys.com/shop/product/michael-michael-kors-lillie-moccasin-flats?ID=6537373,,,macys-6537373,Lillie Moccasin Flats,Michael Kors,Macys,1,0,visible,,,taxable,1,0,1.0,0.5,99.0,5.0,49.5,153.5,17200,Women>Shoes>Flats,"https://slimages.macysassets.com/is/image/MCY/products/3/optimized/10318973_fpx.tif?op_sharpen=1&wid=1230&hei=1500,https://slimages.macysassets.com/is/image/MCY/products/5/optimized/10318975_fpx.tif?op_sharpen=1&wid=1230&hei=1500,https://slimages.macysassets.com/is/image/MCY/products/7/optimized/10318977_fpx.tif?op_sharpen=1&wid=1230&hei=1500",,colors,Acorn,1,1,,sizes,7.5M,1,1,,,,,,
variation,https://www.macys.com/shop/product/michael-michael-kors-lillie-moccasin-flats?ID=6537373,,,macys-6537373,Lillie Moccasin Flats,Michael Kors,Macys,1,0,visible,,,taxable,1,0,1.0,0.5,99.0,5.0,49.5,153.5,17200,Women>Shoes>Flats,"https://slimages.macysassets.com/is/image/MCY/products/3/optimized/10318973_fpx.tif?op_sharpen=1&wid=1230&hei=1500,https://slimages.macysassets.com/is/image/MCY/products/5/optimized/10318975_fpx.tif?op_sharpen=1&wid=1230&hei=1500,https://slimages.macysassets.com/is/image/MCY/products/7/optimized/10318977_fpx.tif?op_sharpen=1&wid=1230&hei=1500",,colors,Acorn,1,1,,sizes,8M,1,1,,,,,,
variation,https://www.macys.com/shop/product/michael-michael-kors-lillie-moccasin-flats?ID=6537373,,,macys-6537373,Lillie Moccasin Flats,Michael Kors,Macys,1,0,visible,,,taxable,1,0,1.0,0.5,99.0,5.0,49.5,153.5,17200,Women>Shoes>Flats,"https://slimages.macysassets.com/is/image/MCY/products/3/optimized/10318973_fpx.tif?op_sharpen=1&wid=1230&hei=1500,https://slimages.macysassets.com/is/image/MCY/products/5/optimized/10318975_fpx.tif?op_sharpen=1&wid=1230&hei=1500,https://slimages.macysassets.com/is/image/MCY/products/7/optimized/10318977_fpx.tif?op_sharpen=1&wid=1230&hei=1500",,colors,Acorn,1,1,,sizes,8.5M,1,1,,,,,,
variation,https://www.macys.com/shop/product/michael-michael-kors-lillie-moccasin-flats?ID=6537373,,,macys-6537373,Lillie Moccasin Flats,Michael Kors,Macys,1,0,visible,,,taxable,1,0,1.0,0.5,99.0,5.0,49.5,153.5,17200,Women>Shoes>Flats,"https://slimages.macysassets.com/is/image/MCY/products/3/optimized/10318973_fpx.tif?op_sharpen=1&wid=1230&hei=1500,https://slimages.macysassets.com/is/image/MCY/products/5/optimized/10318975_fpx.tif?op_sharpen=1&wid=1230&hei=1500,https://slimages.macysassets.com/is/image/MCY/products/7/optimized/10318977_fpx.tif?op_sharpen=1&wid=1230&hei=1500",,colors,Acorn,1,1,,sizes,9M,1,1,,,,,,
variation,https://www.macys.com/shop/product/michael-michael-kors-lillie-moccasin-flats?ID=6537373,,,macys-6537373,Lillie Moccasin Flats,Michael Kors,Macys,1,0,visible,,,taxable,1,0,1.0,0.5,99.0,5.0,49.5,153.5,17200,Women>Shoes>Flats,"https://slimages.macysassets.com/is/image/MCY/products/3/optimized/10318973_fpx.tif?op_sharpen=1&wid=1230&hei=1500,https://slimages.macysassets.com/is/image/MCY/products/5/optimized/10318975_fpx.tif?op_sharpen=1&wid=1230&hei=1500,https://slimages.macysassets.com/is/image/MCY/products/7/optimized/10318977_fpx.tif?op_sharpen=1&wid=1230&hei=1500",,colors,Acorn,1,1,,sizes,9.5M,1,1,,,,,,
variation,https://www.macys.com/shop/product/michael-michael-kors-lillie-moccasin-flats?ID=6537373,,,macys-6537373,Lillie Moccasin Flats,Michael Kors,Macys,1,0,visible,,,taxable,1,0,1.0,0.5,99.0,5.0,49.5,153.5,17200,Women>Shoes>Flats,"https://slimages.macysassets.com/is/image/MCY/products/3/optimized/10318973_fpx.tif?op_sharpen=1&wid=1230&hei=1500,https://slimages.macysassets.com/is/image/MCY/products/5/optimized/10318975_fpx.tif?op_sharpen=1&wid=1230&hei=1500,https://slimages.macysassets.com/is/image/MCY/products/7/optimized/10318977_fpx.tif?op_sharpen=1&wid=1230&hei=1500",,colors,Acorn,1,1,,sizes,10M,1,1,,,,,,
variation,https://www.macys.com/shop/product/michael-michael-kors-lillie-moccasin-flats?ID=6537373,,,macys-6537373,Lillie Moccasin Flats,Michael Kors,Macys,1,0,visible,,,taxable,1,0,1.0,0.5,99.0,5.0,49.5,153.5,17200,Women>Shoes>Flats,"https://slimages.macysassets.com/is/image/MCY/products/3/optimized/10318973_fpx.tif?op_sharpen=1&wid=1230&hei=1500,https://slimages.macysassets.com/is/image/MCY/products/5/optimized/10318975_fpx.tif?op_sharpen=1&wid=1230&hei=1500,https://slimages.macysassets.com/is/image/MCY/products/7/optimized/10318977_fpx.tif?op_sharpen=1&wid=1230&hei=1500",,colors,Acorn,1,1,,sizes,11M,1,1,,,,,,
variation,https://www.macys.com/shop/product/michael-michael-kors-lillie-moccasin-flats?ID=6537373,,,macys-6537373,Lillie Moccasin Flats,Michael Kors,Macys,1,0,visible,,,taxable,1,0,1.0,0.5,99.0,5.0,49.5,153.5,17200,Women>Shoes>Flats,"https://slimages.macysassets.com/is/image/MCY/products/3/optimized/11288503_fpx.tif?op_sharpen=1&wid=1230&hei=1500,https://slimages.macysassets.com/is/image/MCY/products/5/optimized/11288505_fpx.tif?op_sharpen=1&wid=1230&hei=1500,https://slimages.macysassets.com/is/image/MCY/products/7/optimized/11288507_fpx.tif?op_sharpen=1&wid=1230&hei=1500",,colors,Bright Red,1,1,,sizes,5M,1,1,,,,,,
variation,https://www.macys.com/shop/product/michael-michael-kors-lillie-moccasin-flats?ID=6537373,,,macys-6537373,Lillie Moccasin Flats,Michael Kors,Macys,1,0,visible,,,taxable,1,0,1.0,0.5,99.0,5.0,49.5,153.5,17200,Women>Shoes>Flats,"https://slimages.macysassets.com/is/image/MCY/products/3/optimized/11288503_fpx.tif?op_sharpen=1&wid=1230&hei=1500,https://slimages.macysassets.com/is/image/MCY/products/5/optimized/11288505_fpx.tif?op_sharpen=1&wid=1230&hei=1500,https://slimages.macysassets.com/is/image/MCY/products/7/optimized/11288507_fpx.tif?op_sharpen=1&wid=1230&hei=1500",,colors,Bright Red,1,1,,sizes,5.5M,1,1,,,,,,
variation,https://www.macys.com/shop/product/michael-michael-kors-lillie-moccasin-flats?ID=6537373,,,macys-6537373,Lillie Moccasin Flats,Michael Kors,Macys,1,0,visible,,,taxable,1,0,1.0,0.5,99.0,5.0,49.5,153.5,17200,Women>Shoes>Flats,"https://slimages.macysassets.com/is/image/MCY/products/3/optimized/11288503_fpx.tif?op_sharpen=1&wid=1230&hei=1500,https://slimages.macysassets.com/is/image/MCY/products/5/optimized/11288505_fpx.tif?op_sharpen=1&wid=1230&hei=1500,https://slimages.macysassets.com/is/image/MCY/products/7/optimized/11288507_fpx.tif?op_sharpen=1&wid=1230&hei=1500",,colors,Bright Red,1,1,,sizes,6M,1,1,,,,,,
variation,https://www.macys.com/shop/product/michael-michael-kors-lillie-moccasin-flats?ID=6537373,,,macys-6537373,Lillie Moccasin Flats,Michael Kors,Macys,1,0,visible,,,taxable,1,0,1.0,0.5,99.0,5.0,49.5,153.5,17200,Women>Shoes>Flats,"https://slimages.macysassets.com/is/image/MCY/products/3/optimized/11288503_fpx.tif?op_sharpen=1&wid=1230&hei=1500,https://slimages.macysassets.com/is/image/MCY/products/5/optimized/11288505_fpx.tif?op_sharpen=1&wid=1230&hei=1500,https://slimages.macysassets.com/is/image/MCY/products/7/optimized/11288507_fpx.tif?op_sharpen=1&wid=1230&hei=1500",,colors,Bright Red,1,1,,sizes,6.5M,1,1,,,,,,
variation,https://www.macys.com/shop/product/michael-michael-kors-lillie-moccasin-flats?ID=6537373,,,macys-6537373,Lillie Moccasin Flats,Michael Kors,Macys,1,0,visible,,,taxable,1,0,1.0,0.5,99.0,5.0,49.5,153.5,17200,Women>Shoes>Flats,"https://slimages.macysassets.com/is/image/MCY/products/3/optimized/11288503_fpx.tif?op_sharpen=1&wid=1230&hei=1500,https://slimages.macysassets.com/is/image/MCY/products/5/optimized/11288505_fpx.tif?op_sharpen=1&wid=1230&hei=1500,https://slimages.macysassets.com/is/image/MCY/products/7/optimized/11288507_fpx.tif?op_sharpen=1&wid=1230&hei=1500",,colors,Bright Red,1,1,,sizes,7M,1,1,,,,,,
variation,https://www.macys.com/shop/product/michael-michael-kors-lillie-moccasin-flats?ID=6537373,,,macys-6537373,Lillie Moccasin Flats,Michael Kors,Macys,1,0,visible,,,taxable,1,0,1.0,0.5,99.0,5.0,49.5,153.5,17200,Women>Shoes>Flats,"https://slimages.macysassets.com/is/image/MCY/products/3/optimized/11288503_fpx.tif?op_sharpen=1&wid=1230&hei=1500,https://slimages.macysassets.com/is/image/MCY/products/5/optimized/11288505_fpx.tif?op_sharpen=1&wid=1230&hei=1500,https://slimages.macysassets.com/is/image/MCY/products/7/optimized/11288507_fpx.tif?op_sharpen=1&wid=1230&hei=1500",,colors,Bright Red,1,1,,sizes,7.5M,1,1,,,,,,
variation,https://www.macys.com/shop/product/michael-michael-kors-lillie-moccasin-flats?ID=6537373,,,macys-6537373,Lillie Moccasin Flats,Michael Kors,Macys,1,0,visible,,,taxable,1,0,1.0,0.5,99.0,5.0,49.5,153.5,17200,Women>Shoes>Flats,"https://slimages.macysassets.com/is/image/MCY/products/3/optimized/11288503_fpx.tif?op_sharpen=1&wid=1230&hei=1500,https://slimages.macysassets.com/is/image/MCY/products/5/optimized/11288505_fpx.tif?op_sharpen=1&wid=1230&hei=1500,https://slimages.macysassets.com/is/image/MCY/products/7/optimized/11288507_fpx.tif?op_sharpen=1&wid=1230&hei=1500",,colors,Bright Red,1,1,,sizes,8M,1,1,,,,,,
variation,https://www.macys.com/shop/product/michael-michael-kors-lillie-moccasin-flats?ID=6537373,,,macys-6537373,Lillie Moccasin Flats,Michael Kors,Macys,1,0,visible,,,taxable,1,0,1.0,0.5,99.0,5.0,49.5,153.5,17200,Women>Shoes>Flats,"https://slimages.macysassets.com/is/image/MCY/products/3/optimized/11288503_fpx.tif?op_sharpen=1&wid=1230&hei=1500,https://slimages.macysassets.com/is/image/MCY/products/5/optimized/11288505_fpx.tif?op_sharpen=1&wid=1230&hei=1500,https://slimages.macysassets.com/is/image/MCY/products/7/optimized/11288507_fpx.tif?op_sharpen=1&wid=1230&hei=1500",,colors,Bright Red,1,1,,sizes,8.5M,1,1,,,,,,
variation,https://www.macys.com/shop/product/michael-michael-kors-lillie-moccasin-flats?ID=6537373,,,macys-6537373,Lillie Moccasin Flats,Michael Kors,Macys,1,0,visible,,,taxable,1,0,1.0,0.5,99.0,5.0,49.5,153.5,17200,Women>Shoes>Flats,"https://slimages.macysassets.com/is/image/MCY/products/3/optimized/11288503_fpx.tif?op_sharpen=1&wid=1230&hei=1500,https://slimages.macysassets.com/is/image/MCY/products/5/optimized/11288505_fpx.tif?op_sharpen=1&wid=1230&hei=1500,https://slimages.macysassets.com/is/image/MCY/products/7/optimized/11288507_fpx.tif?op_sharpen=1&wid=1230&hei=1500",,colors,Bright Red,1,1,,sizes,9M,1,1,,,,,,
variation,https://www.macys.com/shop/product/michael-michael-kors-lillie-moccasin-flats?ID=6537373,,,macys-6537373,Lillie Moccasin Flats,Michael Kors,Macys,1,0,visible,,,taxable,1,0,1.0,0.5,99.0,5.0,49.5,153.5,17200,Women>Shoes>Flats,"https://slimages.macysassets.com/is/image/MCY/products/3/optimized/11288503_fpx.tif?op_sharpen=1&wid=1230&hei=1500,https://slimages.macysassets.com/is/image/MCY/products/5/optimized/11288505_fpx.tif?op_sharpen=1&wid=1230&hei=1500,https://slimages.macysassets.com/is/image/MCY/products/7/optimized/11288507_fpx.tif?op_sharpen=1&wid=1230&hei=1500",,colors,Bright Red,1,1,,sizes,9.5M,1,1,,,,,,
variation,https://www.macys.com/shop/product/michael-michael-kors-lillie-moccasin-flats?ID=6537373,,,macys-6537373,Lillie Moccasin Flats,Michael Kors,Macys,1,0,visible,,,taxable,1,0,1.0,0.5,99.0,5.0,49.5,153.5,17200,Women>Shoes>Flats,"https://slimages.macysassets.com/is/image/MCY/products/3/optimized/11288503_fpx.tif?op_sharpen=1&wid=1230&hei=1500,https://slimages.macysassets.com/is/image/MCY/products/5/optimized/11288505_fpx.tif?op_sharpen=1&wid=1230&hei=1500,https://slimages.macysassets.com/is/image/MCY/products/7/optimized/11288507_fpx.tif?op_sharpen=1&wid=1230&hei=1500",,colors,Bright Red,1,1,,sizes,10M,1,1,,,,,,
variation,https://www.macys.com/shop/product/michael-michael-kors-lillie-moccasin-flats?ID=6537373,,,macys-6537373,Lillie Moccasin Flats,Michael Kors,Macys,1,0,visible,,,taxable,1,0,1.0,0.5,99.0,5.0,49.5,153.5,17200,Women>Shoes>Flats,"https://slimages.macysassets.com/is/image/MCY/products/3/optimized/11288503_fpx.tif?op_sharpen=1&wid=1230&hei=1500,https://slimages.macysassets.com/is/image/MCY/products/5/optimized/11288505_fpx.tif?op_sharpen=1&wid=1230&hei=1500,https://slimages.macysassets.com/is/image/MCY/products/7/optimized/11288507_fpx.tif?op_sharpen=1&wid=1230&hei=1500",,colors,Bright Red,1,1,,sizes,11M,1,1,,,,,,
variation,https://www.macys.com/shop/product/michael-michael-kors-lillie-moccasin-flats?ID=6537373,,,macys-6537373,Lillie Moccasin Flats,Michael Kors,Macys,1,0,visible,,,taxable,1,0,1.0,0.5,99.0,5.0,49.5,153.5,17200,Women>Shoes>Flats,"https://slimages.macysassets.com/is/image/MCY/products/9/optimized/11288509_fpx.tif?op_sharpen=1&wid=1230&hei=1500,https://slimages.macysassets.com/is/image/MCY/products/1/optimized/11288511_fpx.tif?op_sharpen=1&wid=1230&hei=1500,https://slimages.macysassets.com/is/image/MCY/products/3/optimized/11288513_fpx.tif?op_sharpen=1&wid=1230&hei=1500",,colors,Soft Pink,1,1,,sizes,5M,1,1,,,,,,
variation,https://www.macys.com/shop/product/michael-michael-kors-lillie-moccasin-flats?ID=6537373,,,macys-6537373,Lillie Moccasin Flats,Michael Kors,Macys,1,0,visible,,,taxable,1,0,1.0,0.5,99.0,5.0,49.5,153.5,17200,Women>Shoes>Flats,"https://slimages.macysassets.com/is/image/MCY/products/9/optimized/11288509_fpx.tif?op_sharpen=1&wid=1230&hei=1500,https://slimages.macysassets.com/is/image/MCY/products/1/optimized/11288511_fpx.tif?op_sharpen=1&wid=1230&hei=1500,https://slimages.macysassets.com/is/image/MCY/products/3/optimized/11288513_fpx.tif?op_sharpen=1&wid=1230&hei=1500",,colors,Soft Pink,1,1,,sizes,5.5M,1,1,,,,,,
variation,https://www.macys.com/shop/product/michael-michael-kors-lillie-moccasin-flats?ID=6537373,,,macys-6537373,Lillie Moccasin Flats,Michael Kors,Macys,1,0,visible,,,taxable,1,0,1.0,0.5,99.0,5.0,49.5,153.5,17200,Women>Shoes>Flats,"https://slimages.macysassets.com/is/image/MCY/products/9/optimized/11288509_fpx.tif?op_sharpen=1&wid=1230&hei=1500,https://slimages.macysassets.com/is/image/MCY/products/1/optimized/11288511_fpx.tif?op_sharpen=1&wid=1230&hei=1500,https://slimages.macysassets.com/is/image/MCY/products/3/optimized/11288513_fpx.tif?op_sharpen=1&wid=1230&hei=1500",,colors,Soft Pink,1,1,,sizes,6M,1,1,,,,,,
variation,https://www.macys.com/shop/product/michael-michael-kors-lillie-moccasin-flats?ID=6537373,,,macys-6537373,Lillie Moccasin Flats,Michael Kors,Macys,1,0,visible,,,taxable,1,0,1.0,0.5,99.0,5.0,49.5,153.5,17200,Women>Shoes>Flats,"https://slimages.macysassets.com/is/image/MCY/products/9/optimized/11288509_fpx.tif?op_sharpen=1&wid=1230&hei=1500,https://slimages.macysassets.com/is/image/MCY/products/1/optimized/11288511_fpx.tif?op_sharpen=1&wid=1230&hei=1500,https://slimages.macysassets.com/is/image/MCY/products/3/optimized/11288513_fpx.tif?op_sharpen=1&wid=1230&hei=1500",,colors,Soft Pink,1,1,,sizes,6.5M,1,1,,,,,,
variation,https://www.macys.com/shop/product/michael-michael-kors-lillie-moccasin-flats?ID=6537373,,,macys-6537373,Lillie Moccasin Flats,Michael Kors,Macys,1,0,visible,,,taxable,1,0,1.0,0.5,99.0,5.0,49.5,153.5,17200,Women>Shoes>Flats,"https://slimages.macysassets.com/is/image/MCY/products/9/optimized/11288509_fpx.tif?op_sharpen=1&wid=1230&hei=1500,https://slimages.macysassets.com/is/image/MCY/products/1/optimized/11288511_fpx.tif?op_sharpen=1&wid=1230&hei=1500,https://slimages.macysassets.com/is/image/MCY/products/3/optimized/11288513_fpx.tif?op_sharpen=1&wid=1230&hei=1500",,colors,Soft Pink,1,1,,sizes,7M,1,1,,,,,,
variation,https://www.macys.com/shop/product/michael-michael-kors-lillie-moccasin-flats?ID=6537373,,,macys-6537373,Lillie Moccasin Flats,Michael Kors,Macys,1,0,visible,,,taxable,1,0,1.0,0.5,99.0,5.0,49.5,153.5,17200,Women>Shoes>Flats,"https://slimages.macysassets.com/is/image/MCY/products/9/optimized/11288509_fpx.tif?op_sharpen=1&wid=1230&hei=1500,https://slimages.macysassets.com/is/image/MCY/products/1/optimized/11288511_fpx.tif?op_sharpen=1&wid=1230&hei=1500,https://slimages.macysassets.com/is/image/MCY/products/3/optimized/11288513_fpx.tif?op_sharpen=1&wid=1230&hei=1500",,colors,Soft Pink,1,1,,sizes,7.5M,1,1,,,,,,
variation,https://www.macys.com/shop/product/michael-michael-kors-lillie-moccasin-flats?ID=6537373,,,macys-6537373,Lillie Moccasin Flats,Michael Kors,Macys,1,0,visible,,,taxable,1,0,1.0,0.5,99.0,5.0,49.5,153.5,17200,Women>Shoes>Flats,"https://slimages.macysassets.com/is/image/MCY/products/9/optimized/11288509_fpx.tif?op_sharpen=1&wid=1230&hei=1500,https://slimages.macysassets.com/is/image/MCY/products/1/optimized/11288511_fpx.tif?op_sharpen=1&wid=1230&hei=1500,https://slimages.macysassets.com/is/image/MCY/products/3/optimized/11288513_fpx.tif?op_sharpen=1&wid=1230&hei=1500",,colors,Soft Pink,1,1,,sizes,8M,1,1,,,,,,
variation,https://www.macys.com/shop/product/michael-michael-kors-lillie-moccasin-flats?ID=6537373,,,macys-6537373,Lillie Moccasin Flats,Michael Kors,Macys,1,0,visible,,,taxable,1,0,1.0,0.5,99.0,5.0,49.5,153.5,17200,Women>Shoes>Flats,"https://slimages.macysassets.com/is/image/MCY/products/9/optimized/11288509_fpx.tif?op_sharpen=1&wid=1230&hei=1500,https://slimages.macysassets.com/is/image/MCY/products/1/optimized/11288511_fpx.tif?op_sharpen=1&wid=1230&hei=1500,https://slimages.macysassets.com/is/image/MCY/products/3/optimized/11288513_fpx.tif?op_sharpen=1&wid=1230&hei=1500",,colors,Soft Pink,1,1,,sizes,8.5M,1,1,,,,,,
variation,https://www.macys.com/shop/product/michael-michael-kors-lillie-moccasin-flats?ID=6537373,,,macys-6537373,Lillie Moccasin Flats,Michael Kors,Macys,1,0,visible,,,taxable,1,0,1.0,0.5,99.0,5.0,49.5,153.5,17200,Women>Shoes>Flats,"https://slimages.macysassets.com/is/image/MCY/products/9/optimized/11288509_fpx.tif?op_sharpen=1&wid=1230&hei=1500,https://slimages.macysassets.com/is/image/MCY/products/1/optimized/11288511_fpx.tif?op_sharpen=1&wid=1230&hei=1500,https://slimages.macysassets.com/is/image/MCY/products/3/optimized/11288513_fpx.tif?op_sharpen=1&wid=1230&hei=1500",,colors,Soft Pink,1,1,,sizes,9M,1,1,,,,,,
variation,https://www.macys.com/shop/product/michael-michael-kors-lillie-moccasin-flats?ID=6537373,,,macys-6537373,Lillie Moccasin Flats,Michael Kors,Macys,1,0,visible,,,taxable,1,0,1.0,0.5,99.0,5.0,49.5,153.5,17200,Women>Shoes>Flats,"https://slimages.macysassets.com/is/image/MCY/products/9/optimized/11288509_fpx.tif?op_sharpen=1&wid=1230&hei=1500,https://slimages.macysassets.com/is/image/MCY/products/1/optimized/11288511_fpx.tif?op_sharpen=1&wid=1230&hei=1500,https://slimages.macysassets.com/is/image/MCY/products/3/optimized/11288513_fpx.tif?op_sharpen=1&wid=1230&hei=1500",,colors,Soft Pink,1,1,,sizes,9.5M,1,1,,,,,,
variation,https://www.macys.com/shop/product/michael-michael-kors-lillie-moccasin-flats?ID=6537373,,,macys-6537373,Lillie Moccasin Flats,Michael Kors,Macys,1,0,visible,,,taxable,1,0,1.0,0.5,99.0,5.0,49.5,153.5,17200,Women>Shoes>Flats,"https://slimages.macysassets.com/is/image/MCY/products/9/optimized/11288509_fpx.tif?op_sharpen=1&wid=1230&hei=1500,https://slimages.macysassets.com/is/image/MCY/products/1/optimized/11288511_fpx.tif?op_sharpen=1&wid=1230&hei=1500,https://slimages.macysassets.com/is/image/MCY/products/3/optimized/11288513_fpx.tif?op_sharpen=1&wid=1230&hei=1500",,colors,Soft Pink,1,1,,sizes,10M,1,1,,,,,,
variation,https://www.macys.com/shop/product/michael-michael-kors-lillie-moccasin-flats?ID=6537373,,,macys-6537373,Lillie Moccasin Flats,Michael Kors,Macys,1,0,visible,,,taxable,1,0,1.0,0.5,99.0,5.0,49.5,153.5,17200,Women>Shoes>Flats,"https://slimages.macysassets.com/is/image/MCY/products/9/optimized/11288509_fpx.tif?op_sharpen=1&wid=1230&hei=1500,https://slimages.macysassets.com/is/image/MCY/products/1/optimized/11288511_fpx.tif?op_sharpen=1&wid=1230&hei=1500,https://slimages.macysassets.com/is/image/MCY/products/3/optimized/11288513_fpx.tif?op_sharpen=1&wid=1230&hei=1500",,colors,Soft Pink,1,1,,sizes,11M,1,1,,,,,,
variation,https://www.macys.com/shop/product/michael-michael-kors-lillie-moccasin-flats?ID=6537373,,,macys-6537373,Lillie Moccasin Flats,Michael Kors,Macys,1,0,visible,,,taxable,1,0,1.0,0.5,99.0,5.0,49.5,153.5,17200,Women>Shoes>Flats,"https://slimages.macysassets.com/is/image/MCY/products/7/optimized/10318967_fpx.tif?op_sharpen=1&wid=1230&hei=1500,https://slimages.macysassets.com/is/image/MCY/products/9/optimized/10318969_fpx.tif?op_sharpen=1&wid=1230&hei=1500,https://slimages.macysassets.com/is/image/MCY/products/1/optimized/10318971_fpx.tif?op_sharpen=1&wid=1230&hei=1500",,colors,Shiny Black,1,1,,sizes,5.5M,1,1,,,,,,
variation,https://www.macys.com/shop/product/michael-michael-kors-lillie-moccasin-flats?ID=6537373,,,macys-6537373,Lillie Moccasin Flats,Michael Kors,Macys,1,0,visible,,,taxable,1,0,1.0,0.5,99.0,5.0,49.5,153.5,17200,Women>Shoes>Flats,"https://slimages.macysassets.com/is/image/MCY/products/7/optimized/10318967_fpx.tif?op_sharpen=1&wid=1230&hei=1500,https://slimages.macysassets.com/is/image/MCY/products/9/optimized/10318969_fpx.tif?op_sharpen=1&wid=1230&hei=1500,https://slimages.macysassets.com/is/image/MCY/products/1/optimized/10318971_fpx.tif?op_sharpen=1&wid=1230&hei=1500",,colors,Shiny Black,1,1,,sizes,6M,1,1,,,,,,
variation,https://www.macys.com/shop/product/michael-michael-kors-lillie-moccasin-flats?ID=6537373,,,macys-6537373,Lillie Moccasin Flats,Michael Kors,Macys,1,0,visible,,,taxable,1,0,1.0,0.5,99.0,5.0,49.5,153.5,17200,Women>Shoes>Flats,"https://slimages.macysassets.com/is/image/MCY/products/7/optimized/10318967_fpx.tif?op_sharpen=1&wid=1230&hei=1500,https://slimages.macysassets.com/is/image/MCY/products/9/optimized/10318969_fpx.tif?op_sharpen=1&wid=1230&hei=1500,https://slimages.macysassets.com/is/image/MCY/products/1/optimized/10318971_fpx.tif?op_sharpen=1&wid=1230&hei=1500",,colors,Shiny Black,1,1,,sizes,6.5M,1,1,,,,,,
variation,https://www.macys.com/shop/product/michael-michael-kors-lillie-moccasin-flats?ID=6537373,,,macys-6537373,Lillie Moccasin Flats,Michael Kors,Macys,1,0,visible,,,taxable,1,0,1.0,0.5,99.0,5.0,49.5,153.5,17200,Women>Shoes>Flats,"https://slimages.macysassets.com/is/image/MCY/products/7/optimized/10318967_fpx.tif?op_sharpen=1&wid=1230&hei=1500,https://slimages.macysassets.com/is/image/MCY/products/9/optimized/10318969_fpx.tif?op_sharpen=1&wid=1230&hei=1500,https://slimages.macysassets.com/is/image/MCY/products/1/optimized/10318971_fpx.tif?op_sharpen=1&wid=1230&hei=1500",,colors,Shiny Black,1,1,,sizes,7M,1,1,,,,,,
variation,https://www.macys.com/shop/product/michael-michael-kors-lillie-moccasin-flats?ID=6537373,,,macys-6537373,Lillie Moccasin Flats,Michael Kors,Macys,1,0,visible,,,taxable,1,0,1.0,0.5,99.0,5.0,49.5,153.5,17200,Women>Shoes>Flats,"https://slimages.macysassets.com/is/image/MCY/products/7/optimized/10318967_fpx.tif?op_sharpen=1&wid=1230&hei=1500,https://slimages.macysassets.com/is/image/MCY/products/9/optimized/10318969_fpx.tif?op_sharpen=1&wid=1230&hei=1500,https://slimages.macysassets.com/is/image/MCY/products/1/optimized/10318971_fpx.tif?op_sharpen=1&wid=1230&hei=1500",,colors,Shiny Black,1,1,,sizes,7.5M,1,1,,,,,,
variation,https://www.macys.com/shop/product/michael-michael-kors-lillie-moccasin-flats?ID=6537373,,,macys-6537373,Lillie Moccasin Flats,Michael Kors,Macys,1,0,visible,,,taxable,1,0,1.0,0.5,99.0,5.0,49.5,153.5,17200,Women>Shoes>Flats,"https://slimages.macysassets.com/is/image/MCY/products/7/optimized/10318967_fpx.tif?op_sharpen=1&wid=1230&hei=1500,https://slimages.macysassets.com/is/image/MCY/products/9/optimized/10318969_fpx.tif?op_sharpen=1&wid=1230&hei=1500,https://slimages.macysassets.com/is/image/MCY/products/1/optimized/10318971_fpx.tif?op_sharpen=1&wid=1230&hei=1500",,colors,Shiny Black,1,1,,sizes,8M,1,1,,,,,,
variation,https://www.macys.com/shop/product/michael-michael-kors-lillie-moccasin-flats?ID=6537373,,,macys-6537373,Lillie Moccasin Flats,Michael Kors,Macys,1,0,visible,,,taxable,1,0,1.0,0.5,99.0,5.0,49.5,153.5,17200,Women>Shoes>Flats,"https://slimages.macysassets.com/is/image/MCY/products/7/optimized/10318967_fpx.tif?op_sharpen=1&wid=1230&hei=1500,https://slimages.macysassets.com/is/image/MCY/products/9/optimized/10318969_fpx.tif?op_sharpen=1&wid=1230&hei=1500,https://slimages.macysassets.com/is/image/MCY/products/1/optimized/10318971_fpx.tif?op_sharpen=1&wid=1230&hei=1500",,colors,Shiny Black,1,1,,sizes,8.5M,1,1,,,,,,
variation,https://www.macys.com/shop/product/michael-michael-kors-lillie-moccasin-flats?ID=6537373,,,macys-6537373,Lillie Moccasin Flats,Michael Kors,Macys,1,0,visible,,,taxable,1,0,1.0,0.5,99.0,5.0,49.5,153.5,17200,Women>Shoes>Flats,"https://slimages.macysassets.com/is/image/MCY/products/7/optimized/10318967_fpx.tif?op_sharpen=1&wid=1230&hei=1500,https://slimages.macysassets.com/is/image/MCY/products/9/optimized/10318969_fpx.tif?op_sharpen=1&wid=1230&hei=1500,https://slimages.macysassets.com/is/image/MCY/products/1/optimized/10318971_fpx.tif?op_sharpen=1&wid=1230&hei=1500",,colors,Shiny Black,1,1,,sizes,9M,1,1,,,,,,
variation,https://www.macys.com/shop/product/michael-michael-kors-lillie-moccasin-flats?ID=6537373,,,macys-6537373,Lillie Moccasin Flats,Michael Kors,Macys,1,0,visible,,,taxable,1,0,1.0,0.5,99.0,5.0,49.5,153.5,17200,Women>Shoes>Flats,"https://slimages.macysassets.com/is/image/MCY/products/7/optimized/10318967_fpx.tif?op_sharpen=1&wid=1230&hei=1500,https://slimages.macysassets.com/is/image/MCY/products/9/optimized/10318969_fpx.tif?op_sharpen=1&wid=1230&hei=1500,https://slimages.macysassets.com/is/image/MCY/products/1/optimized/10318971_fpx.tif?op_sharpen=1&wid=1230&hei=1500",,colors,Shiny Black,1,1,,sizes,9.5M,1,1,,,,,,
variation,https://www.macys.com/shop/product/michael-michael-kors-lillie-moccasin-flats?ID=6537373,,,macys-6537373,Lillie Moccasin Flats,Michael Kors,Macys,1,0,visible,,,taxable,1,0,1.0,0.5,99.0,5.0,49.5,153.5,17200,Women>Shoes>Flats,"https://slimages.macysassets.com/is/image/MCY/products/7/optimized/10318967_fpx.tif?op_sharpen=1&wid=1230&hei=1500,https://slimages.macysassets.com/is/image/MCY/products/9/optimized/10318969_fpx.tif?op_sharpen=1&wid=1230&hei=1500,https://slimages.macysassets.com/is/image/MCY/products/1/optimized/10318971_fpx.tif?op_sharpen=1&wid=1230&hei=1500",,colors,Shiny Black,1,1,,sizes,10M,1,1,,,,,,
variation,https://www.macys.com/shop/product/michael-michael-kors-lillie-moccasin-flats?ID=6537373,,,macys-6537373,Lillie Moccasin Flats,Michael Kors,Macys,1,0,visible,,,taxable,1,0,1.0,0.5,99.0,5.0,49.5,153.5,17200,Women>Shoes>Flats,"https://slimages.macysassets.com/is/image/MCY/products/7/optimized/10318967_fpx.tif?op_sharpen=1&wid=1230&hei=1500,https://slimages.macysassets.com/is/image/MCY/products/9/optimized/10318969_fpx.tif?op_sharpen=1&wid=1230&hei=1500,https://slimages.macysassets.com/is/image/MCY/products/1/optimized/10318971_fpx.tif?op_sharpen=1&wid=1230&hei=1500",,colors,Shiny Black,1,1,,sizes,11M,1,1,,,,,,
variation,https://www.macys.com/shop/product/michael-michael-kors-lillie-moccasin-flats?ID=6537373,,,macys-6537373,Lillie Moccasin Flats,Michael Kors,Macys,1,0,visible,,,taxable,1,0,1.0,0.5,99.0,5.0,49.5,153.5,17200,Women>Shoes>Flats,"https://slimages.macysassets.com/is/image/MCY/products/7/optimized/10318967_fpx.tif?op_sharpen=1&wid=1230&hei=1500,https://slimages.macysassets.com/is/image/MCY/products/9/optimized/10318969_fpx.tif?op_sharpen=1&wid=1230&hei=1500,https://slimages.macysassets.com/is/image/MCY/products/1/optimized/10318971_fpx.tif?op_sharpen=1&wid=1230&hei=1500",,colors,Shiny Black,1,1,,sizes,5M,1,1,,,,,,
variation,https://www.macys.com/shop/product/michael-michael-kors-lillie-moccasin-flats?ID=6537373,,,macys-6537373,Lillie Moccasin Flats,Michael Kors,Macys,1,0,visible,,,taxable,1,0,1.0,0.5,99.0,5.0,49.5,153.5,17200,Women>Shoes>Flats,"https://slimages.macysassets.com/is/image/MCY/products/5/optimized/11288515_fpx.tif?op_sharpen=1&wid=1230&hei=1500,https://slimages.macysassets.com/is/image/MCY/products/7/optimized/11288517_fpx.tif?op_sharpen=1&wid=1230&hei=1500,https://slimages.macysassets.com/is/image/MCY/products/9/optimized/11288519_fpx.tif?op_sharpen=1&wid=1230&hei=1500",,colors,Bright White Logo,1,1,,sizes,5M,1,1,,,,,,
variation,https://www.macys.com/shop/product/michael-michael-kors-lillie-moccasin-flats?ID=6537373,,,macys-6537373,Lillie Moccasin Flats,Michael Kors,Macys,1,0,visible,,,taxable,1,0,1.0,0.5,99.0,5.0,49.5,153.5,17200,Women>Shoes>Flats,"https://slimages.macysassets.com/is/image/MCY/products/5/optimized/11288515_fpx.tif?op_sharpen=1&wid=1230&hei=1500,https://slimages.macysassets.com/is/image/MCY/products/7/optimized/11288517_fpx.tif?op_sharpen=1&wid=1230&hei=1500,https://slimages.macysassets.com/is/image/MCY/products/9/optimized/11288519_fpx.tif?op_sharpen=1&wid=1230&hei=1500",,colors,Bright White Logo,1,1,,sizes,5.5M,1,1,,,,,,
variation,https://www.macys.com/shop/product/michael-michael-kors-lillie-moccasin-flats?ID=6537373,,,macys-6537373,Lillie Moccasin Flats,Michael Kors,Macys,1,0,visible,,,taxable,1,0,1.0,0.5,99.0,5.0,49.5,153.5,17200,Women>Shoes>Flats,"https://slimages.macysassets.com/is/image/MCY/products/5/optimized/11288515_fpx.tif?op_sharpen=1&wid=1230&hei=1500,https://slimages.macysassets.com/is/image/MCY/products/7/optimized/11288517_fpx.tif?op_sharpen=1&wid=1230&hei=1500,https://slimages.macysassets.com/is/image/MCY/products/9/optimized/11288519_fpx.tif?op_sharpen=1&wid=1230&hei=1500",,colors,Bright White Logo,1,1,,sizes,6M,1,1,,,,,,
variation,https://www.macys.com/shop/product/michael-michael-kors-lillie-moccasin-flats?ID=6537373,,,macys-6537373,Lillie Moccasin Flats,Michael Kors,Macys,1,0,visible,,,taxable,1,0,1.0,0.5,99.0,5.0,49.5,153.5,17200,Women>Shoes>Flats,"https://slimages.macysassets.com/is/image/MCY/products/5/optimized/11288515_fpx.tif?op_sharpen=1&wid=1230&hei=1500,https://slimages.macysassets.com/is/image/MCY/products/7/optimized/11288517_fpx.tif?op_sharpen=1&wid=1230&hei=1500,https://slimages.macysassets.com/is/image/MCY/products/9/optimized/11288519_fpx.tif?op_sharpen=1&wid=1230&hei=1500",,colors,Bright White Logo,1,1,,sizes,6.5M,1,1,,,,,,
variation,https://www.macys.com/shop/product/michael-michael-kors-lillie-moccasin-flats?ID=6537373,,,macys-6537373,Lillie Moccasin Flats,Michael Kors,Macys,1,0,visible,,,taxable,1,0,1.0,0.5,99.0,5.0,49.5,153.5,17200,Women>Shoes>Flats,"https://slimages.macysassets.com/is/image/MCY/products/5/optimized/11288515_fpx.tif?op_sharpen=1&wid=1230&hei=1500,https://slimages.macysassets.com/is/image/MCY/products/7/optimized/11288517_fpx.tif?op_sharpen=1&wid=1230&hei=1500,https://slimages.macysassets.com/is/image/MCY/products/9/optimized/11288519_fpx.tif?op_sharpen=1&wid=1230&hei=1500",,colors,Bright White Logo,1,1,,sizes,7M,1,1,,,,,,
variation,https://www.macys.com/shop/product/michael-michael-kors-lillie-moccasin-flats?ID=6537373,,,macys-6537373,Lillie Moccasin Flats,Michael Kors,Macys,1,0,visible,,,taxable,1,0,1.0,0.5,99.0,5.0,49.5,153.5,17200,Women>Shoes>Flats,"https://slimages.macysassets.com/is/image/MCY/products/5/optimized/11288515_fpx.tif?op_sharpen=1&wid=1230&hei=1500,https://slimages.macysassets.com/is/image/MCY/products/7/optimized/11288517_fpx.tif?op_sharpen=1&wid=1230&hei=1500,https://slimages.macysassets.com/is/image/MCY/products/9/optimized/11288519_fpx.tif?op_sharpen=1&wid=1230&hei=1500",,colors,Bright White Logo,1,1,,sizes,7.5M,1,1,,,,,,
variation,https://www.macys.com/shop/product/michael-michael-kors-lillie-moccasin-flats?ID=6537373,,,macys-6537373,Lillie Moccasin Flats,Michael Kors,Macys,1,0,visible,,,taxable,1,0,1.0,0.5,99.0,5.0,49.5,153.5,17200,Women>Shoes>Flats,"https://slimages.macysassets.com/is/image/MCY/products/5/optimized/11288515_fpx.tif?op_sharpen=1&wid=1230&hei=1500,https://slimages.macysassets.com/is/image/MCY/products/7/optimized/11288517_fpx.tif?op_sharpen=1&wid=1230&hei=1500,https://slimages.macysassets.com/is/image/MCY/products/9/optimized/11288519_fpx.tif?op_sharpen=1&wid=1230&hei=1500",,colors,Bright White Logo,1,1,,sizes,8M,1,1,,,,,,
variation,https://www.macys.com/shop/product/michael-michael-kors-lillie-moccasin-flats?ID=6537373,,,macys-6537373,Lillie Moccasin Flats,Michael Kors,Macys,1,0,visible,,,taxable,1,0,1.0,0.5,99.0,5.0,49.5,153.5,17200,Women>Shoes>Flats,"https://slimages.macysassets.com/is/image/MCY/products/5/optimized/11288515_fpx.tif?op_sharpen=1&wid=1230&hei=1500,https://slimages.macysassets.com/is/image/MCY/products/7/optimized/11288517_fpx.tif?op_sharpen=1&wid=1230&hei=1500,https://slimages.macysassets.com/is/image/MCY/products/9/optimized/11288519_fpx.tif?op_sharpen=1&wid=1230&hei=1500",,colors,Bright White Logo,1,1,,sizes,8.5M,1,1,,,,,,
variation,https://www.macys.com/shop/product/michael-michael-kors-lillie-moccasin-flats?ID=6537373,,,macys-6537373,Lillie Moccasin Flats,Michael Kors,Macys,1,0,visible,,,taxable,1,0,1.0,0.5,99.0,5.0,49.5,153.5,17200,Women>Shoes>Flats,"https://slimages.macysassets.com/is/image/MCY/products/5/optimized/11288515_fpx.tif?op_sharpen=1&wid=1230&hei=1500,https://slimages.macysassets.com/is/image/MCY/products/7/optimized/11288517_fpx.tif?op_sharpen=1&wid=1230&hei=1500,https://slimages.macysassets.com/is/image/MCY/products/9/optimized/11288519_fpx.tif?op_sharpen=1&wid=1230&hei=1500",,colors,Bright White Logo,1,1,,sizes,9M,1,1,,,,,,
variation,https://www.macys.com/shop/product/michael-michael-kors-lillie-moccasin-flats?ID=6537373,,,macys-6537373,Lillie Moccasin Flats,Michael Kors,Macys,1,0,visible,,,taxable,1,0,1.0,0.5,99.0,5.0,49.5,153.5,17200,Women>Shoes>Flats,"https://slimages.macysassets.com/is/image/MCY/products/5/optimized/11288515_fpx.tif?op_sharpen=1&wid=1230&hei=1500,https://slimages.macysassets.com/is/image/MCY/products/7/optimized/11288517_fpx.tif?op_sharpen=1&wid=1230&hei=1500,https://slimages.macysassets.com/is/image/MCY/products/9/optimized/11288519_fpx.tif?op_sharpen=1&wid=1230&hei=1500",,colors,Bright White Logo,1,1,,sizes,9.5M,1,1,,,,,,
variation,https://www.macys.com/shop/product/michael-michael-kors-lillie-moccasin-flats?ID=6537373,,,macys-6537373,Lillie Moccasin Flats,Michael Kors,Macys,1,0,visible,,,taxable,1,0,1.0,0.5,99.0,5.0,49.5,153.5,17200,Women>Shoes>Flats,"https://slimages.macysassets.com/is/image/MCY/products/5/optimized/11288515_fpx.tif?op_sharpen=1&wid=1230&hei=1500,https://slimages.macysassets.com/is/image/MCY/products/7/optimized/11288517_fpx.tif?op_sharpen=1&wid=1230&hei=1500,https://slimages.macysassets.com/is/image/MCY/products/9/optimized/11288519_fpx.tif?op_sharpen=1&wid=1230&hei=1500",,colors,Bright White Logo,1,1,,sizes,10M,1,1,,,,,,
variation,https://www.macys.com/shop/product/michael-michael-kors-lillie-moccasin-flats?ID=6537373,,,macys-6537373,Lillie Moccasin Flats,Michael Kors,Macys,1,0,visible,,,taxable,1,0,1.0,0.5,99.0,5.0,49.5,153.5,17200,Women>Shoes>Flats,"https://slimages.macysassets.com/is/image/MCY/products/5/optimized/11288515_fpx.tif?op_sharpen=1&wid=1230&hei=1500,https://slimages.macysassets.com/is/image/MCY/products/7/optimized/11288517_fpx.tif?op_sharpen=1&wid=1230&hei=1500,https://slimages.macysassets.com/is/image/MCY/products/9/optimized/11288519_fpx.tif?op_sharpen=1&wid=1230&hei=1500",,colors,Bright White Logo,1,1,,sizes,11M,1,1,,,,,,
variation,https://www.macys.com/shop/product/michael-michael-kors-lillie-moccasin-flats?ID=6537373,,,macys-6537373,Lillie Moccasin Flats,Michael Kors,Macys,1,0,visible,,,taxable,1,0,1.0,0.5,99.0,5.0,49.5,153.5,17200,Women>Shoes>Flats,"https://slimages.macysassets.com/is/image/MCY/products/1/optimized/11288521_fpx.tif?op_sharpen=1&wid=1230&hei=1500,https://slimages.macysassets.com/is/image/MCY/products/3/optimized/11288523_fpx.tif?op_sharpen=1&wid=1230&hei=1500,https://slimages.macysassets.com/is/image/MCY/products/5/optimized/11288525_fpx.tif?op_sharpen=1&wid=1230&hei=1500",,colors,Black Logo,1,1,,sizes,5M,1,1,,,,,,
variation,https://www.macys.com/shop/product/michael-michael-kors-lillie-moccasin-flats?ID=6537373,,,macys-6537373,Lillie Moccasin Flats,Michael Kors,Macys,1,0,visible,,,taxable,1,0,1.0,0.5,99.0,5.0,49.5,153.5,17200,Women>Shoes>Flats,"https://slimages.macysassets.com/is/image/MCY/products/1/optimized/11288521_fpx.tif?op_sharpen=1&wid=1230&hei=1500,https://slimages.macysassets.com/is/image/MCY/products/3/optimized/11288523_fpx.tif?op_sharpen=1&wid=1230&hei=1500,https://slimages.macysassets.com/is/image/MCY/products/5/optimized/11288525_fpx.tif?op_sharpen=1&wid=1230&hei=1500",,colors,Black Logo,1,1,,sizes,5.5M,1,1,,,,,,
variation,https://www.macys.com/shop/product/michael-michael-kors-lillie-moccasin-flats?ID=6537373,,,macys-6537373,Lillie Moccasin Flats,Michael Kors,Macys,1,0,visible,,,taxable,1,0,1.0,0.5,99.0,5.0,49.5,153.5,17200,Women>Shoes>Flats,"https://slimages.macysassets.com/is/image/MCY/products/1/optimized/11288521_fpx.tif?op_sharpen=1&wid=1230&hei=1500,https://slimages.macysassets.com/is/image/MCY/products/3/optimized/11288523_fpx.tif?op_sharpen=1&wid=1230&hei=1500,https://slimages.macysassets.com/is/image/MCY/products/5/optimized/11288525_fpx.tif?op_sharpen=1&wid=1230&hei=1500",,colors,Black Logo,1,1,,sizes,6M,1,1,,,,,,
variation,https://www.macys.com/shop/product/michael-michael-kors-lillie-moccasin-flats?ID=6537373,,,macys-6537373,Lillie Moccasin Flats,Michael Kors,Macys,1,0,visible,,,taxable,1,0,1.0,0.5,99.0,5.0,49.5,153.5,17200,Women>Shoes>Flats,"https://slimages.macysassets.com/is/image/MCY/products/1/optimized/11288521_fpx.tif?op_sharpen=1&wid=1230&hei=1500,https://slimages.macysassets.com/is/image/MCY/products/3/optimized/11288523_fpx.tif?op_sharpen=1&wid=1230&hei=1500,https://slimages.macysassets.com/is/image/MCY/products/5/optimized/11288525_fpx.tif?op_sharpen=1&wid=1230&hei=1500",,colors,Black Logo,1,1,,sizes,6.5M,1,1,,,,,,
variation,https://www.macys.com/shop/product/michael-michael-kors-lillie-moccasin-flats?ID=6537373,,,macys-6537373,Lillie Moccasin Flats,Michael Kors,Macys,1,0,visible,,,taxable,1,0,1.0,0.5,99.0,5.0,49.5,153.5,17200,Women>Shoes>Flats,"https://slimages.macysassets.com/is/image/MCY/products/1/optimized/11288521_fpx.tif?op_sharpen=1&wid=1230&hei=1500,https://slimages.macysassets.com/is/image/MCY/products/3/optimized/11288523_fpx.tif?op_sharpen=1&wid=1230&hei=1500,https://slimages.macysassets.com/is/image/MCY/products/5/optimized/11288525_fpx.tif?op_sharpen=1&wid=1230&hei=1500",,colors,Black Logo,1,1,,sizes,7M,1,1,,,,,,
variation,https://www.macys.com/shop/product/michael-michael-kors-lillie-moccasin-flats?ID=6537373,,,macys-6537373,Lillie Moccasin Flats,Michael Kors,Macys,1,0,visible,,,taxable,1,0,1.0,0.5,99.0,5.0,49.5,153.5,17200,Women>Shoes>Flats,"https://slimages.macysassets.com/is/image/MCY/products/1/optimized/11288521_fpx.tif?op_sharpen=1&wid=1230&hei=1500,https://slimages.macysassets.com/is/image/MCY/products/3/optimized/11288523_fpx.tif?op_sharpen=1&wid=1230&hei=1500,https://slimages.macysassets.com/is/image/MCY/products/5/optimized/11288525_fpx.tif?op_sharpen=1&wid=1230&hei=1500",,colors,Black Logo,1,1,,sizes,7.5M,1,1,,,,,,
variation,https://www.macys.com/shop/product/michael-michael-kors-lillie-moccasin-flats?ID=6537373,,,macys-6537373,Lillie Moccasin Flats,Michael Kors,Macys,1,0,visible,,,taxable,1,0,1.0,0.5,99.0,5.0,49.5,153.5,17200,Women>Shoes>Flats,"https://slimages.macysassets.com/is/image/MCY/products/1/optimized/11288521_fpx.tif?op_sharpen=1&wid=1230&hei=1500,https://slimages.macysassets.com/is/image/MCY/products/3/optimized/11288523_fpx.tif?op_sharpen=1&wid=1230&hei=1500,https://slimages.macysassets.com/is/image/MCY/products/5/optimized/11288525_fpx.tif?op_sharpen=1&wid=1230&hei=1500",,colors,Black Logo,1,1,,sizes,8M,1,1,,,,,,
variation,https://www.macys.com/shop/product/michael-michael-kors-lillie-moccasin-flats?ID=6537373,,,macys-6537373,Lillie Moccasin Flats,Michael Kors,Macys,1,0,visible,,,taxable,1,0,1.0,0.5,99.0,5.0,49.5,153.5,17200,Women>Shoes>Flats,"https://slimages.macysassets.com/is/image/MCY/products/1/optimized/11288521_fpx.tif?op_sharpen=1&wid=1230&hei=1500,https://slimages.macysassets.com/is/image/MCY/products/3/optimized/11288523_fpx.tif?op_sharpen=1&wid=1230&hei=1500,https://slimages.macysassets.com/is/image/MCY/products/5/optimized/11288525_fpx.tif?op_sharpen=1&wid=1230&hei=1500",,colors,Black Logo,1,1,,sizes,8.5M,1,1,,,,,,
variation,https://www.macys.com/shop/product/michael-michael-kors-lillie-moccasin-flats?ID=6537373,,,macys-6537373,Lillie Moccasin Flats,Michael Kors,Macys,1,0,visible,,,taxable,1,0,1.0,0.5,99.0,5.0,49.5,153.5,17200,Women>Shoes>Flats,"https://slimages.macysassets.com/is/image/MCY/products/1/optimized/11288521_fpx.tif?op_sharpen=1&wid=1230&hei=1500,https://slimages.macysassets.com/is/image/MCY/products/3/optimized/11288523_fpx.tif?op_sharpen=1&wid=1230&hei=1500,https://slimages.macysassets.com/is/image/MCY/products/5/optimized/11288525_fpx.tif?op_sharpen=1&wid=1230&hei=1500",,colors,Black Logo,1,1,,sizes,9M,1,1,,,,,,
variation,https://www.macys.com/shop/product/michael-michael-kors-lillie-moccasin-flats?ID=6537373,,,macys-6537373,Lillie Moccasin Flats,Michael Kors,Macys,1,0,visible,,,taxable,1,0,1.0,0.5,99.0,5.0,49.5,153.5,17200,Women>Shoes>Flats,"https://slimages.macysassets.com/is/image/MCY/products/1/optimized/11288521_fpx.tif?op_sharpen=1&wid=1230&hei=1500,https://slimages.macysassets.com/is/image/MCY/products/3/optimized/11288523_fpx.tif?op_sharpen=1&wid=1230&hei=1500,https://slimages.macysassets.com/is/image/MCY/products/5/optimized/11288525_fpx.tif?op_sharpen=1&wid=1230&hei=1500",,colors,Black Logo,1,1,,sizes,9.5M,1,1,,,,,,
variation,https://www.macys.com/shop/product/michael-michael-kors-lillie-moccasin-flats?ID=6537373,,,macys-6537373,Lillie Moccasin Flats,Michael Kors,Macys,1,0,visible,,,taxable,1,0,1.0,0.5,99.0,5.0,49.5,153.5,17200,Women>Shoes>Flats,"https://slimages.macysassets.com/is/image/MCY/products/1/optimized/11288521_fpx.tif?op_sharpen=1&wid=1230&hei=1500,https://slimages.macysassets.com/is/image/MCY/products/3/optimized/11288523_fpx.tif?op_sharpen=1&wid=1230&hei=1500,https://slimages.macysassets.com/is/image/MCY/products/5/optimized/11288525_fpx.tif?op_sharpen=1&wid=1230&hei=1500",,colors,Black Logo,1,1,,sizes,10M,1,1,,,,,,
variation,https://www.macys.com/shop/product/michael-michael-kors-lillie-moccasin-flats?ID=6537373,,,macys-6537373,Lillie Moccasin Flats,Michael Kors,Macys,1,0,visible,,,taxable,1,0,1.0,0.5,99.0,5.0,49.5,153.5,17200,Women>Shoes>Flats,"https://slimages.macysassets.com/is/image/MCY/products/1/optimized/11288521_fpx.tif?op_sharpen=1&wid=1230&hei=1500,https://slimages.macysassets.com/is/image/MCY/products/3/optimized/11288523_fpx.tif?op_sharpen=1&wid=1230&hei=1500,https://slimages.macysassets.com/is/image/MCY/products/5/optimized/11288525_fpx.tif?op_sharpen=1&wid=1230&hei=1500",,colors,Black Logo,1,1,,sizes,11M,1,1,,,,,,
variation,https://www.macys.com/shop/product/michael-michael-kors-lillie-moccasin-flats?ID=6537373,,,macys-6537373,Lillie Moccasin Flats,Michael Kors,Macys,1,0,visible,,,taxable,1,0,1.0,0.5,99.0,5.0,49.5,153.5,17200,Women>Shoes>Flats,"https://slimages.macysassets.com/is/image/MCY/products/9/optimized/11666509_fpx.tif?op_sharpen=1&wid=1230&hei=1500,https://slimages.macysassets.com/is/image/MCY/products/1/optimized/11666511_fpx.tif?op_sharpen=1&wid=1230&hei=1500,https://slimages.macysassets.com/is/image/MCY/products/3/optimized/11666513_fpx.tif?op_sharpen=1&wid=1230&hei=1500",,colors,Optic White,1,1,,sizes,5M,1,1,,,,,,
variation,https://www.macys.com/shop/product/michael-michael-kors-lillie-moccasin-flats?ID=6537373,,,macys-6537373,Lillie Moccasin Flats,Michael Kors,Macys,1,0,visible,,,taxable,1,0,1.0,0.5,99.0,5.0,49.5,153.5,17200,Women>Shoes>Flats,"https://slimages.macysassets.com/is/image/MCY/products/9/optimized/11666509_fpx.tif?op_sharpen=1&wid=1230&hei=1500,https://slimages.macysassets.com/is/image/MCY/products/1/optimized/11666511_fpx.tif?op_sharpen=1&wid=1230&hei=1500,https://slimages.macysassets.com/is/image/MCY/products/3/optimized/11666513_fpx.tif?op_sharpen=1&wid=1230&hei=1500",,colors,Optic White,1,1,,sizes,5.5M,1,1,,,,,,
variation,https://www.macys.com/shop/product/michael-michael-kors-lillie-moccasin-flats?ID=6537373,,,macys-6537373,Lillie Moccasin Flats,Michael Kors,Macys,1,0,visible,,,taxable,1,0,1.0,0.5,99.0,5.0,49.5,153.5,17200,Women>Shoes>Flats,"https://slimages.macysassets.com/is/image/MCY/products/9/optimized/11666509_fpx.tif?op_sharpen=1&wid=1230&hei=1500,https://slimages.macysassets.com/is/image/MCY/products/1/optimized/11666511_fpx.tif?op_sharpen=1&wid=1230&hei=1500,https://slimages.macysassets.com/is/image/MCY/products/3/optimized/11666513_fpx.tif?op_sharpen=1&wid=1230&hei=1500",,colors,Optic White,1,1,,sizes,6M,1,1,,,,,,
variation,https://www.macys.com/shop/product/michael-michael-kors-lillie-moccasin-flats?ID=6537373,,,macys-6537373,Lillie Moccasin Flats,Michael Kors,Macys,1,0,visible,,,taxable,1,0,1.0,0.5,99.0,5.0,49.5,153.5,17200,Women>Shoes>Flats,"https://slimages.macysassets.com/is/image/MCY/products/9/optimized/11666509_fpx.tif?op_sharpen=1&wid=1230&hei=1500,https://slimages.macysassets.com/is/image/MCY/products/1/optimized/11666511_fpx.tif?op_sharpen=1&wid=1230&hei=1500,https://slimages.macysassets.com/is/image/MCY/products/3/optimized/11666513_fpx.tif?op_sharpen=1&wid=1230&hei=1500",,colors,Optic White,1,1,,sizes,6.5M,1,1,,,,,,
variation,https://www.macys.com/shop/product/michael-michael-kors-lillie-moccasin-flats?ID=6537373,,,macys-6537373,Lillie Moccasin Flats,Michael Kors,Macys,1,0,visible,,,taxable,1,0,1.0,0.5,99.0,5.0,49.5,153.5,17200,Women>Shoes>Flats,"https://slimages.macysassets.com/is/image/MCY/products/9/optimized/11666509_fpx.tif?op_sharpen=1&wid=1230&hei=1500,https://slimages.macysassets.com/is/image/MCY/products/1/optimized/11666511_fpx.tif?op_sharpen=1&wid=1230&hei=1500,https://slimages.macysassets.com/is/image/MCY/products/3/optimized/11666513_fpx.tif?op_sharpen=1&wid=1230&hei=1500",,colors,Optic White,1,1,,sizes,7M,1,1,,,,,,
variation,https://www.macys.com/shop/product/michael-michael-kors-lillie-moccasin-flats?ID=6537373,,,macys-6537373,Lillie Moccasin Flats,Michael Kors,Macys,1,0,visible,,,taxable,1,0,1.0,0.5,99.0,5.0,49.5,153.5,17200,Women>Shoes>Flats,"https://slimages.macysassets.com/is/image/MCY/products/9/optimized/11666509_fpx.tif?op_sharpen=1&wid=1230&hei=1500,https://slimages.macysassets.com/is/image/MCY/products/1/optimized/11666511_fpx.tif?op_sharpen=1&wid=1230&hei=1500,https://slimages.macysassets.com/is/image/MCY/products/3/optimized/11666513_fpx.tif?op_sharpen=1&wid=1230&hei=1500",,colors,Optic White,1,1,,sizes,7.5M,1,1,,,,,,
variation,https://www.macys.com/shop/product/michael-michael-kors-lillie-moccasin-flats?ID=6537373,,,macys-6537373,Lillie Moccasin Flats,Michael Kors,Macys,1,0,visible,,,taxable,1,0,1.0,0.5,99.0,5.0,49.5,153.5,17200,Women>Shoes>Flats,"https://slimages.macysassets.com/is/image/MCY/products/9/optimized/11666509_fpx.tif?op_sharpen=1&wid=1230&hei=1500,https://slimages.macysassets.com/is/image/MCY/products/1/optimized/11666511_fpx.tif?op_sharpen=1&wid=1230&hei=1500,https://slimages.macysassets.com/is/image/MCY/products/3/optimized/11666513_fpx.tif?op_sharpen=1&wid=1230&hei=1500",,colors,Optic White,1,1,,sizes,8M,1,1,,,,,,
variation,https://www.macys.com/shop/product/michael-michael-kors-lillie-moccasin-flats?ID=6537373,,,macys-6537373,Lillie Moccasin Flats,Michael Kors,Macys,1,0,visible,,,taxable,1,0,1.0,0.5,99.0,5.0,49.5,153.5,17200,Women>Shoes>Flats,"https://slimages.macysassets.com/is/image/MCY/products/9/optimized/11666509_fpx.tif?op_sharpen=1&wid=1230&hei=1500,https://slimages.macysassets.com/is/image/MCY/products/1/optimized/11666511_fpx.tif?op_sharpen=1&wid=1230&hei=1500,https://slimages.macysassets.com/is/image/MCY/products/3/optimized/11666513_fpx.tif?op_sharpen=1&wid=1230&hei=1500",,colors,Optic White,1,1,,sizes,8.5M,1,1,,,,,,
variation,https://www.macys.com/shop/product/michael-michael-kors-lillie-moccasin-flats?ID=6537373,,,macys-6537373,Lillie Moccasin Flats,Michael Kors,Macys,1,0,visible,,,taxable,1,0,1.0,0.5,99.0,5.0,49.5,153.5,17200,Women>Shoes>Flats,"https://slimages.macysassets.com/is/image/MCY/products/9/optimized/11666509_fpx.tif?op_sharpen=1&wid=1230&hei=1500,https://slimages.macysassets.com/is/image/MCY/products/1/optimized/11666511_fpx.tif?op_sharpen=1&wid=1230&hei=1500,https://slimages.macysassets.com/is/image/MCY/products/3/optimized/11666513_fpx.tif?op_sharpen=1&wid=1230&hei=1500",,colors,Optic White,1,1,,sizes,9M,1,1,,,,,,
variation,https://www.macys.com/shop/product/michael-michael-kors-lillie-moccasin-flats?ID=6537373,,,macys-6537373,Lillie Moccasin Flats,Michael Kors,Macys,1,0,visible,,,taxable,1,0,1.0,0.5,99.0,5.0,49.5,153.5,17200,Women>Shoes>Flats,"https://slimages.macysassets.com/is/image/MCY/products/9/optimized/11666509_fpx.tif?op_sharpen=1&wid=1230&hei=1500,https://slimages.macysassets.com/is/image/MCY/products/1/optimized/11666511_fpx.tif?op_sharpen=1&wid=1230&hei=1500,https://slimages.macysassets.com/is/image/MCY/products/3/optimized/11666513_fpx.tif?op_sharpen=1&wid=1230&hei=1500",,colors,Optic White,1,1,,sizes,9.5M,1,1,,,,,,
variation,https://www.macys.com/shop/product/michael-michael-kors-lillie-moccasin-flats?ID=6537373,,,macys-6537373,Lillie Moccasin Flats,Michael Kors,Macys,1,0,visible,,,taxable,1,0,1.0,0.5,99.0,5.0,49.5,153.5,17200,Women>Shoes>Flats,"https://slimages.macysassets.com/is/image/MCY/products/9/optimized/11666509_fpx.tif?op_sharpen=1&wid=1230&hei=1500,https://slimages.macysassets.com/is/image/MCY/products/1/optimized/11666511_fpx.tif?op_sharpen=1&wid=1230&hei=1500,https://slimages.macysassets.com/is/image/MCY/products/3/optimized/11666513_fpx.tif?op_sharpen=1&wid=1230&hei=1500",,colors,Optic White,1,1,,sizes,10M,1,1,,,,,,
variation,https://www.macys.com/shop/product/michael-michael-kors-lillie-moccasin-flats?ID=6537373,,,macys-6537373,Lillie Moccasin Flats,Michael Kors,Macys,1,0,visible,,,taxable,1,0,1.0,0.5,99.0,5.0,49.5,153.5,17200,Women>Shoes>Flats,"https://slimages.macysassets.com/is/image/MCY/products/9/optimized/11666509_fpx.tif?op_sharpen=1&wid=1230&hei=1500,https://slimages.macysassets.com/is/image/MCY/products/1/optimized/11666511_fpx.tif?op_sharpen=1&wid=1230&hei=1500,https://slimages.macysassets.com/is/image/MCY/products/3/optimized/11666513_fpx.tif?op_sharpen=1&wid=1230&hei=1500",,colors,Optic White,1,1,,sizes,11M,1,1,,,,,,
variation,https://www.macys.com/shop/product/michael-michael-kors-lillie-moccasin-flats?ID=6537373,,,macys-6537373,Lillie Moccasin Flats,Michael Kors,Macys,1,0,visible,,,taxable,1,0,1.0,0.5,99.0,5.0,49.5,153.5,17200,Women>Shoes>Flats,"https://slimages.macysassets.com/is/image/MCY/products/5/optimized/11288515_fpx.tif?op_sharpen=1&wid=1230&hei=1500,https://slimages.macysassets.com/is/image/MCY/products/7/optimized/11288517_fpx.tif?op_sharpen=1&wid=1230&hei=1500,https://slimages.macysassets.com/is/image/MCY/products/9/optimized/11288519_fpx.tif?op_sharpen=1&wid=1230&hei=1500",,colors,Bright White Logo,1,1,,sizes,4M,1,1,,,,,,
variation,https://www.macys.com/shop/product/michael-michael-kors-lillie-moccasin-flats?ID=6537373,,,macys-6537373,Lillie Moccasin Flats,Michael Kors,Macys,1,0,visible,,,taxable,1,0,1.0,0.5,99.0,5.0,49.5,153.5,17200,Women>Shoes>Flats,"https://slimages.macysassets.com/is/image/MCY/products/5/optimized/11288515_fpx.tif?op_sharpen=1&wid=1230&hei=1500,https://slimages.macysassets.com/is/image/MCY/products/7/optimized/11288517_fpx.tif?op_sharpen=1&wid=1230&hei=1500,https://slimages.macysassets.com/is/image/MCY/products/9/optimized/11288519_fpx.tif?op_sharpen=1&wid=1230&hei=1500",,colors,Bright White Logo,1,1,,sizes,4.5M,1,1,,,,,,
variation,https://www.macys.com/shop/product/michael-michael-kors-lillie-moccasin-flats?ID=6537373,,,macys-6537373,Lillie Moccasin Flats,Michael Kors,Macys,1,0,visible,,,taxable,1,0,1.0,0.5,99.0,5.0,49.5,153.5,17200,Women>Shoes>Flats,"https://slimages.macysassets.com/is/image/MCY/products/5/optimized/11288515_fpx.tif?op_sharpen=1&wid=1230&hei=1500,https://slimages.macysassets.com/is/image/MCY/products/7/optimized/11288517_fpx.tif?op_sharpen=1&wid=1230&hei=1500,https://slimages.macysassets.com/is/image/MCY/products/9/optimized/11288519_fpx.tif?op_sharpen=1&wid=1230&hei=1500",,colors,Bright White Logo,1,1,,sizes,12M,1,1,,,,,,
variation,https://www.macys.com/shop/product/michael-michael-kors-lillie-moccasin-flats?ID=6537373,,,macys-6537373,Lillie Moccasin Flats,Michael Kors,Macys,1,0,visible,,,taxable,1,0,1.0,0.5,99.0,5.0,49.5,153.5,17200,Women>Shoes>Flats,"https://slimages.macysassets.com/is/image/MCY/products/1/optimized/10318961_fpx.tif?op_sharpen=1&wid=1230&hei=1500,https://slimages.macysassets.com/is/image/MCY/products/3/optimized/10318963_fpx.tif?op_sharpen=1&wid=1230&hei=1500,https://slimages.macysassets.com/is/image/MCY/products/5/optimized/10318965_fpx.tif?op_sharpen=1&wid=1230&hei=1500",,colors,Brown Logo,1,1,,sizes,4M,1,1,,,,,,
variation,https://www.macys.com/shop/product/michael-michael-kors-lillie-moccasin-flats?ID=6537373,,,macys-6537373,Lillie Moccasin Flats,Michael Kors,Macys,1,0,visible,,,taxable,1,0,1.0,0.5,99.0,5.0,49.5,153.5,17200,Women>Shoes>Flats,"https://slimages.macysassets.com/is/image/MCY/products/1/optimized/10318961_fpx.tif?op_sharpen=1&wid=1230&hei=1500,https://slimages.macysassets.com/is/image/MCY/products/3/optimized/10318963_fpx.tif?op_sharpen=1&wid=1230&hei=1500,https://slimages.macysassets.com/is/image/MCY/products/5/optimized/10318965_fpx.tif?op_sharpen=1&wid=1230&hei=1500",,colors,Brown Logo,1,1,,sizes,4.5M,1,1,,,,,,
variation,https://www.macys.com/shop/product/michael-michael-kors-lillie-moccasin-flats?ID=6537373,,,macys-6537373,Lillie Moccasin Flats,Michael Kors,Macys,1,0,visible,,,taxable,1,0,1.0,0.5,99.0,5.0,49.5,153.5,17200,Women>Shoes>Flats,"https://slimages.macysassets.com/is/image/MCY/products/1/optimized/10318961_fpx.tif?op_sharpen=1&wid=1230&hei=1500,https://slimages.macysassets.com/is/image/MCY/products/3/optimized/10318963_fpx.tif?op_sharpen=1&wid=1230&hei=1500,https://slimages.macysassets.com/is/image/MCY/products/5/optimized/10318965_fpx.tif?op_sharpen=1&wid=1230&hei=1500",,colors,Brown Logo,1,1,,sizes,12M,1,1,,,,,,
variation,https://www.macys.com/shop/product/michael-michael-kors-lillie-moccasin-flats?ID=6537373,,,macys-6537373,Lillie Moccasin Flats,Michael Kors,Macys,1,0,visible,,,taxable,1,0,1.0,0.5,99.0,5.0,49.5,153.5,17200,Women>Shoes>Flats,"https://slimages.macysassets.com/is/image/MCY/products/3/optimized/11606463_fpx.tif?op_sharpen=1&wid=1230&hei=1500,https://slimages.macysassets.com/is/image/MCY/products/5/optimized/11606465_fpx.tif?op_sharpen=1&wid=1230&hei=1500,https://slimages.macysassets.com/is/image/MCY/products/7/optimized/11606467_fpx.tif?op_sharpen=1&wid=1230&hei=1500",,colors,Black/ Silver Buckle,1,1,,sizes,4M,1,1,,,,,,
variation,https://www.macys.com/shop/product/michael-michael-kors-lillie-moccasin-flats?ID=6537373,,,macys-6537373,Lillie Moccasin Flats,Michael Kors,Macys,1,0,visible,,,taxable,1,0,1.0,0.5,99.0,5.0,49.5,153.5,17200,Women>Shoes>Flats,"https://slimages.macysassets.com/is/image/MCY/products/3/optimized/11606463_fpx.tif?op_sharpen=1&wid=1230&hei=1500,https://slimages.macysassets.com/is/image/MCY/products/5/optimized/11606465_fpx.tif?op_sharpen=1&wid=1230&hei=1500,https://slimages.macysassets.com/is/image/MCY/products/7/optimized/11606467_fpx.tif?op_sharpen=1&wid=1230&hei=1500",,colors,Black/ Silver Buckle,1,1,,sizes,4.5M,1,1,,,,,,
variation,https://www.macys.com/shop/product/michael-michael-kors-lillie-moccasin-flats?ID=6537373,,,macys-6537373,Lillie Moccasin Flats,Michael Kors,Macys,1,0,visible,,,taxable,1,0,1.0,0.5,99.0,5.0,49.5,153.5,17200,Women>Shoes>Flats,"https://slimages.macysassets.com/is/image/MCY/products/3/optimized/11606463_fpx.tif?op_sharpen=1&wid=1230&hei=1500,https://slimages.macysassets.com/is/image/MCY/products/5/optimized/11606465_fpx.tif?op_sharpen=1&wid=1230&hei=1500,https://slimages.macysassets.com/is/image/MCY/products/7/optimized/11606467_fpx.tif?op_sharpen=1&wid=1230&hei=1500",,colors,Black/ Silver Buckle,1,1,,sizes,12M,1,1,,,,,,
variation,https://www.macys.com/shop/product/michael-michael-kors-lillie-moccasin-flats?ID=6537373,,,macys-6537373,Lillie Moccasin Flats,Michael Kors,Macys,1,0,visible,,,taxable,1,0,1.0,0.5,99.0,5.0,49.5,153.5,17200,Women>Shoes>Flats,"https://slimages.macysassets.com/is/image/MCY/products/3/optimized/10318973_fpx.tif?op_sharpen=1&wid=1230&hei=1500,https://slimages.macysassets.com/is/image/MCY/products/5/optimized/10318975_fpx.tif?op_sharpen=1&wid=1230&hei=1500,https://slimages.macysassets.com/is/image/MCY/products/7/optimized/10318977_fpx.tif?op_sharpen=1&wid=1230&hei=1500",,colors,Acorn,1,1,,sizes,4M,1,1,,,,,,
variation,https://www.macys.com/shop/product/michael-michael-kors-lillie-moccasin-flats?ID=6537373,,,macys-6537373,Lillie Moccasin Flats,Michael Kors,Macys,1,0,visible,,,taxable,1,0,1.0,0.5,99.0,5.0,49.5,153.5,17200,Women>Shoes>Flats,"https://slimages.macysassets.com/is/image/MCY/products/3/optimized/10318973_fpx.tif?op_sharpen=1&wid=1230&hei=1500,https://slimages.macysassets.com/is/image/MCY/products/5/optimized/10318975_fpx.tif?op_sharpen=1&wid=1230&hei=1500,https://slimages.macysassets.com/is/image/MCY/products/7/optimized/10318977_fpx.tif?op_sharpen=1&wid=1230&hei=1500",,colors,Acorn,1,1,,sizes,4.5M,1,1,,,,,,
variation,https://www.macys.com/shop/product/michael-michael-kors-lillie-moccasin-flats?ID=6537373,,,macys-6537373,Lillie Moccasin Flats,Michael Kors,Macys,1,0,visible,,,taxable,1,0,1.0,0.5,99.0,5.0,49.5,153.5,17200,Women>Shoes>Flats,"https://slimages.macysassets.com/is/image/MCY/products/3/optimized/10318973_fpx.tif?op_sharpen=1&wid=1230&hei=1500,https://slimages.macysassets.com/is/image/MCY/products/5/optimized/10318975_fpx.tif?op_sharpen=1&wid=1230&hei=1500,https://slimages.macysassets.com/is/image/MCY/products/7/optimized/10318977_fpx.tif?op_sharpen=1&wid=1230&hei=1500",,colors,Acorn,1,1,,sizes,12M,1,1,,,,,,
variation,https://www.macys.com/shop/product/michael-michael-kors-lillie-moccasin-flats?ID=6537373,,,macys-6537373,Lillie Moccasin Flats,Michael Kors,Macys,1,0,visible,,,taxable,1,0,1.0,0.5,99.0,5.0,49.5,153.5,17200,Women>Shoes>Flats,"https://slimages.macysassets.com/is/image/MCY/products/3/optimized/11288503_fpx.tif?op_sharpen=1&wid=1230&hei=1500,https://slimages.macysassets.com/is/image/MCY/products/5/optimized/11288505_fpx.tif?op_sharpen=1&wid=1230&hei=1500,https://slimages.macysassets.com/is/image/MCY/products/7/optimized/11288507_fpx.tif?op_sharpen=1&wid=1230&hei=1500",,colors,Bright Red,1,1,,sizes,4M,1,1,,,,,,
variation,https://www.macys.com/shop/product/michael-michael-kors-lillie-moccasin-flats?ID=6537373,,,macys-6537373,Lillie Moccasin Flats,Michael Kors,Macys,1,0,visible,,,taxable,1,0,1.0,0.5,99.0,5.0,49.5,153.5,17200,Women>Shoes>Flats,"https://slimages.macysassets.com/is/image/MCY/products/3/optimized/11288503_fpx.tif?op_sharpen=1&wid=1230&hei=1500,https://slimages.macysassets.com/is/image/MCY/products/5/optimized/11288505_fpx.tif?op_sharpen=1&wid=1230&hei=1500,https://slimages.macysassets.com/is/image/MCY/products/7/optimized/11288507_fpx.tif?op_sharpen=1&wid=1230&hei=1500",,colors,Bright Red,1,1,,sizes,4.5M,1,1,,,,,,
variation,https://www.macys.com/shop/product/michael-michael-kors-lillie-moccasin-flats?ID=6537373,,,macys-6537373,Lillie Moccasin Flats,Michael Kors,Macys,1,0,visible,,,taxable,1,0,1.0,0.5,99.0,5.0,49.5,153.5,17200,Women>Shoes>Flats,"https://slimages.macysassets.com/is/image/MCY/products/3/optimized/11288503_fpx.tif?op_sharpen=1&wid=1230&hei=1500,https://slimages.macysassets.com/is/image/MCY/products/5/optimized/11288505_fpx.tif?op_sharpen=1&wid=1230&hei=1500,https://slimages.macysassets.com/is/image/MCY/products/7/optimized/11288507_fpx.tif?op_sharpen=1&wid=1230&hei=1500",,colors,Bright Red,1,1,,sizes,12M,1,1,,,,,,
variation,https://www.macys.com/shop/product/michael-michael-kors-lillie-moccasin-flats?ID=6537373,,,macys-6537373,Lillie Moccasin Flats,Michael Kors,Macys,1,0,visible,,,taxable,1,0,1.0,0.5,99.0,5.0,49.5,153.5,17200,Women>Shoes>Flats,"https://slimages.macysassets.com/is/image/MCY/products/7/optimized/10318967_fpx.tif?op_sharpen=1&wid=1230&hei=1500,https://slimages.macysassets.com/is/image/MCY/products/9/optimized/10318969_fpx.tif?op_sharpen=1&wid=1230&hei=1500,https://slimages.macysassets.com/is/image/MCY/products/1/optimized/10318971_fpx.tif?op_sharpen=1&wid=1230&hei=1500",,colors,Shiny Black,1,1,,sizes,4M,1,1,,,,,,
variation,https://www.macys.com/shop/product/michael-michael-kors-lillie-moccasin-flats?ID=6537373,,,macys-6537373,Lillie Moccasin Flats,Michael Kors,Macys,1,0,visible,,,taxable,1,0,1.0,0.5,99.0,5.0,49.5,153.5,17200,Women>Shoes>Flats,"https://slimages.macysassets.com/is/image/MCY/products/7/optimized/10318967_fpx.tif?op_sharpen=1&wid=1230&hei=1500,https://slimages.macysassets.com/is/image/MCY/products/9/optimized/10318969_fpx.tif?op_sharpen=1&wid=1230&hei=1500,https://slimages.macysassets.com/is/image/MCY/products/1/optimized/10318971_fpx.tif?op_sharpen=1&wid=1230&hei=1500",,colors,Shiny Black,1,1,,sizes,4.5M,1,1,,,,,,
variation,https://www.macys.com/shop/product/michael-michael-kors-lillie-moccasin-flats?ID=6537373,,,macys-6537373,Lillie Moccasin Flats,Michael Kors,Macys,1,0,visible,,,taxable,1,0,1.0,0.5,99.0,5.0,49.5,153.5,17200,Women>Shoes>Flats,"https://slimages.macysassets.com/is/image/MCY/products/7/optimized/10318967_fpx.tif?op_sharpen=1&wid=1230&hei=1500,https://slimages.macysassets.com/is/image/MCY/products/9/optimized/10318969_fpx.tif?op_sharpen=1&wid=1230&hei=1500,https://slimages.macysassets.com/is/image/MCY/products/1/optimized/10318971_fpx.tif?op_sharpen=1&wid=1230&hei=1500",,colors,Shiny Black,1,1,,sizes,12M,1,1,,,,,,
variation,https://www.macys.com/shop/product/michael-michael-kors-lillie-moccasin-flats?ID=6537373,,,macys-6537373,Lillie Moccasin Flats,Michael Kors,Macys,1,0,visible,,,taxable,1,0,1.0,0.5,99.0,5.0,49.5,153.5,17200,Women>Shoes>Flats,"https://slimages.macysassets.com/is/image/MCY/products/3/optimized/11791073_fpx.tif?op_sharpen=1&wid=1230&hei=1500,https://slimages.macysassets.com/is/image/MCY/products/5/optimized/11791075_fpx.tif?op_sharpen=1&wid=1230&hei=1500,https://slimages.macysassets.com/is/image/MCY/products/7/optimized/11791077_fpx.tif?op_sharpen=1&wid=1230&hei=1500",,colors,Light Blush,1,1,,sizes,5M,1,1,,,,,,
variation,https://www.macys.com/shop/product/michael-michael-kors-lillie-moccasin-flats?ID=6537373,,,macys-6537373,Lillie Moccasin Flats,Michael Kors,Macys,1,0,visible,,,taxable,1,0,1.0,0.5,99.0,5.0,49.5,153.5,17200,Women>Shoes>Flats,"https://slimages.macysassets.com/is/image/MCY/products/3/optimized/11791073_fpx.tif?op_sharpen=1&wid=1230&hei=1500,https://slimages.macysassets.com/is/image/MCY/products/5/optimized/11791075_fpx.tif?op_sharpen=1&wid=1230&hei=1500,https://slimages.macysassets.com/is/image/MCY/products/7/optimized/11791077_fpx.tif?op_sharpen=1&wid=1230&hei=1500",,colors,Light Blush,1,1,,sizes,5.5M,1,1,,,,,,
variation,https://www.macys.com/shop/product/michael-michael-kors-lillie-moccasin-flats?ID=6537373,,,macys-6537373,Lillie Moccasin Flats,Michael Kors,Macys,1,0,visible,,,taxable,1,0,1.0,0.5,99.0,5.0,49.5,153.5,17200,Women>Shoes>Flats,"https://slimages.macysassets.com/is/image/MCY/products/3/optimized/11791073_fpx.tif?op_sharpen=1&wid=1230&hei=1500,https://slimages.macysassets.com/is/image/MCY/products/5/optimized/11791075_fpx.tif?op_sharpen=1&wid=1230&hei=1500,https://slimages.macysassets.com/is/image/MCY/products/7/optimized/11791077_fpx.tif?op_sharpen=1&wid=1230&hei=1500",,colors,Light Blush,1,1,,sizes,6M,1,1,,,,,,
variation,https://www.macys.com/shop/product/michael-michael-kors-lillie-moccasin-flats?ID=6537373,,,macys-6537373,Lillie Moccasin Flats,Michael Kors,Macys,1,0,visible,,,taxable,1,0,1.0,0.5,99.0,5.0,49.5,153.5,17200,Women>Shoes>Flats,"https://slimages.macysassets.com/is/image/MCY/products/3/optimized/11791073_fpx.tif?op_sharpen=1&wid=1230&hei=1500,https://slimages.macysassets.com/is/image/MCY/products/5/optimized/11791075_fpx.tif?op_sharpen=1&wid=1230&hei=1500,https://slimages.macysassets.com/is/image/MCY/products/7/optimized/11791077_fpx.tif?op_sharpen=1&wid=1230&hei=1500",,colors,Light Blush,1,1,,sizes,6.5M,1,1,,,,,,
variation,https://www.macys.com/shop/product/michael-michael-kors-lillie-moccasin-flats?ID=6537373,,,macys-6537373,Lillie Moccasin Flats,Michael Kors,Macys,1,0,visible,,,taxable,1,0,1.0,0.5,99.0,5.0,49.5,153.5,17200,Women>Shoes>Flats,"https://slimages.macysassets.com/is/image/MCY/products/3/optimized/11791073_fpx.tif?op_sharpen=1&wid=1230&hei=1500,https://slimages.macysassets.com/is/image/MCY/products/5/optimized/11791075_fpx.tif?op_sharpen=1&wid=1230&hei=1500,https://slimages.macysassets.com/is/image/MCY/products/7/optimized/11791077_fpx.tif?op_sharpen=1&wid=1230&hei=1500",,colors,Light Blush,1,1,,sizes,7M,1,1,,,,,,
variation,https://www.macys.com/shop/product/michael-michael-kors-lillie-moccasin-flats?ID=6537373,,,macys-6537373,Lillie Moccasin Flats,Michael Kors,Macys,1,0,visible,,,taxable,1,0,1.0,0.5,99.0,5.0,49.5,153.5,17200,Women>Shoes>Flats,"https://slimages.macysassets.com/is/image/MCY/products/3/optimized/11791073_fpx.tif?op_sharpen=1&wid=1230&hei=1500,https://slimages.macysassets.com/is/image/MCY/products/5/optimized/11791075_fpx.tif?op_sharpen=1&wid=1230&hei=1500,https://slimages.macysassets.com/is/image/MCY/products/7/optimized/11791077_fpx.tif?op_sharpen=1&wid=1230&hei=1500",,colors,Light Blush,1,1,,sizes,7.5M,1,1,,,,,,
variation,https://www.macys.com/shop/product/michael-michael-kors-lillie-moccasin-flats?ID=6537373,,,macys-6537373,Lillie Moccasin Flats,Michael Kors,Macys,1,0,visible,,,taxable,1,0,1.0,0.5,99.0,5.0,49.5,153.5,17200,Women>Shoes>Flats,"https://slimages.macysassets.com/is/image/MCY/products/3/optimized/11791073_fpx.tif?op_sharpen=1&wid=1230&hei=1500,https://slimages.macysassets.com/is/image/MCY/products/5/optimized/11791075_fpx.tif?op_sharpen=1&wid=1230&hei=1500,https://slimages.macysassets.com/is/image/MCY/products/7/optimized/11791077_fpx.tif?op_sharpen=1&wid=1230&hei=1500",,colors,Light Blush,1,1,,sizes,8M,1,1,,,,,,
variation,https://www.macys.com/shop/product/michael-michael-kors-lillie-moccasin-flats?ID=6537373,,,macys-6537373,Lillie Moccasin Flats,Michael Kors,Macys,1,0,visible,,,taxable,1,0,1.0,0.5,99.0,5.0,49.5,153.5,17200,Women>Shoes>Flats,"https://slimages.macysassets.com/is/image/MCY/products/3/optimized/11791073_fpx.tif?op_sharpen=1&wid=1230&hei=1500,https://slimages.macysassets.com/is/image/MCY/products/5/optimized/11791075_fpx.tif?op_sharpen=1&wid=1230&hei=1500,https://slimages.macysassets.com/is/image/MCY/products/7/optimized/11791077_fpx.tif?op_sharpen=1&wid=1230&hei=1500",,colors,Light Blush,1,1,,sizes,8.5M,1,1,,,,,,
variation,https://www.macys.com/shop/product/michael-michael-kors-lillie-moccasin-flats?ID=6537373,,,macys-6537373,Lillie Moccasin Flats,Michael Kors,Macys,1,0,visible,,,taxable,1,0,1.0,0.5,99.0,5.0,49.5,153.5,17200,Women>Shoes>Flats,"https://slimages.macysassets.com/is/image/MCY/products/3/optimized/11791073_fpx.tif?op_sharpen=1&wid=1230&hei=1500,https://slimages.macysassets.com/is/image/MCY/products/5/optimized/11791075_fpx.tif?op_sharpen=1&wid=1230&hei=1500,https://slimages.macysassets.com/is/image/MCY/products/7/optimized/11791077_fpx.tif?op_sharpen=1&wid=1230&hei=1500",,colors,Light Blush,1,1,,sizes,9M,1,1,,,,,,
variation,https://www.macys.com/shop/product/michael-michael-kors-lillie-moccasin-flats?ID=6537373,,,macys-6537373,Lillie Moccasin Flats,Michael Kors,Macys,1,0,visible,,,taxable,1,0,1.0,0.5,99.0,5.0,49.5,153.5,17200,Women>Shoes>Flats,"https://slimages.macysassets.com/is/image/MCY/products/3/optimized/11791073_fpx.tif?op_sharpen=1&wid=1230&hei=1500,https://slimages.macysassets.com/is/image/MCY/products/5/optimized/11791075_fpx.tif?op_sharpen=1&wid=1230&hei=1500,https://slimages.macysassets.com/is/image/MCY/products/7/optimized/11791077_fpx.tif?op_sharpen=1&wid=1230&hei=1500",,colors,Light Blush,1,1,,sizes,9.5M,1,1,,,,,,
variation,https://www.macys.com/shop/product/michael-michael-kors-lillie-moccasin-flats?ID=6537373,,,macys-6537373,Lillie Moccasin Flats,Michael Kors,Macys,1,0,visible,,,taxable,1,0,1.0,0.5,99.0,5.0,49.5,153.5,17200,Women>Shoes>Flats,"https://slimages.macysassets.com/is/image/MCY/products/3/optimized/11791073_fpx.tif?op_sharpen=1&wid=1230&hei=1500,https://slimages.macysassets.com/is/image/MCY/products/5/optimized/11791075_fpx.tif?op_sharpen=1&wid=1230&hei=1500,https://slimages.macysassets.com/is/image/MCY/products/7/optimized/11791077_fpx.tif?op_sharpen=1&wid=1230&hei=1500",,colors,Light Blush,1,1,,sizes,10M,1,1,,,,,,
variation,https://www.macys.com/shop/product/michael-michael-kors-lillie-moccasin-flats?ID=6537373,,,macys-6537373,Lillie Moccasin Flats,Michael Kors,Macys,1,0,visible,,,taxable,1,0,1.0,0.5,99.0,5.0,49.5,153.5,17200,Women>Shoes>Flats,"https://slimages.macysassets.com/is/image/MCY/products/3/optimized/11791073_fpx.tif?op_sharpen=1&wid=1230&hei=1500,https://slimages.macysassets.com/is/image/MCY/products/5/optimized/11791075_fpx.tif?op_sharpen=1&wid=1230&hei=1500,https://slimages.macysassets.com/is/image/MCY/products/7/optimized/11791077_fpx.tif?op_sharpen=1&wid=1230&hei=1500",,colors,Light Blush,1,1,,sizes,11M,1,1,,,,,,
variation,https://www.macys.com/shop/product/michael-michael-kors-lillie-moccasin-flats?ID=6537373,,,macys-6537373,Lillie Moccasin Flats,Michael Kors,Macys,1,0,visible,,,taxable,1,0,1.0,0.5,99.0,5.0,49.5,153.5,17200,Women>Shoes>Flats,"https://slimages.macysassets.com/is/image/MCY/products/7/optimized/11791067_fpx.tif?op_sharpen=1&wid=1230&hei=1500,https://slimages.macysassets.com/is/image/MCY/products/9/optimized/11791069_fpx.tif?op_sharpen=1&wid=1230&hei=1500,https://slimages.macysassets.com/is/image/MCY/products/1/optimized/11791071_fpx.tif?op_sharpen=1&wid=1230&hei=1500",,colors,Hemp,1,1,,sizes,5M,1,1,,,,,,
variation,https://www.macys.com/shop/product/michael-michael-kors-lillie-moccasin-flats?ID=6537373,,,macys-6537373,Lillie Moccasin Flats,Michael Kors,Macys,1,0,visible,,,taxable,1,0,1.0,0.5,99.0,5.0,49.5,153.5,17200,Women>Shoes>Flats,"https://slimages.macysassets.com/is/image/MCY/products/7/optimized/11791067_fpx.tif?op_sharpen=1&wid=1230&hei=1500,https://slimages.macysassets.com/is/image/MCY/products/9/optimized/11791069_fpx.tif?op_sharpen=1&wid=1230&hei=1500,https://slimages.macysassets.com/is/image/MCY/products/1/optimized/11791071_fpx.tif?op_sharpen=1&wid=1230&hei=1500",,colors,Hemp,1,1,,sizes,5.5M,1,1,,,,,,
variation,https://www.macys.com/shop/product/michael-michael-kors-lillie-moccasin-flats?ID=6537373,,,macys-6537373,Lillie Moccasin Flats,Michael Kors,Macys,1,0,visible,,,taxable,1,0,1.0,0.5,99.0,5.0,49.5,153.5,17200,Women>Shoes>Flats,"https://slimages.macysassets.com/is/image/MCY/products/7/optimized/11791067_fpx.tif?op_sharpen=1&wid=1230&hei=1500,https://slimages.macysassets.com/is/image/MCY/products/9/optimized/11791069_fpx.tif?op_sharpen=1&wid=1230&hei=1500,https://slimages.macysassets.com/is/image/MCY/products/1/optimized/11791071_fpx.tif?op_sharpen=1&wid=1230&hei=1500",,colors,Hemp,1,1,,sizes,6M,1,1,,,,,,
variation,https://www.macys.com/shop/product/michael-michael-kors-lillie-moccasin-flats?ID=6537373,,,macys-6537373,Lillie Moccasin Flats,Michael Kors,Macys,1,0,visible,,,taxable,1,0,1.0,0.5,99.0,5.0,49.5,153.5,17200,Women>Shoes>Flats,"https://slimages.macysassets.com/is/image/MCY/products/7/optimized/11791067_fpx.tif?op_sharpen=1&wid=1230&hei=1500,https://slimages.macysassets.com/is/image/MCY/products/9/optimized/11791069_fpx.tif?op_sharpen=1&wid=1230&hei=1500,https://slimages.macysassets.com/is/image/MCY/products/1/optimized/11791071_fpx.tif?op_sharpen=1&wid=1230&hei=1500",,colors,Hemp,1,1,,sizes,6.5M,1,1,,,,,,
variation,https://www.macys.com/shop/product/michael-michael-kors-lillie-moccasin-flats?ID=6537373,,,macys-6537373,Lillie Moccasin Flats,Michael Kors,Macys,1,0,visible,,,taxable,1,0,1.0,0.5,99.0,5.0,49.5,153.5,17200,Women>Shoes>Flats,"https://slimages.macysassets.com/is/image/MCY/products/7/optimized/11791067_fpx.tif?op_sharpen=1&wid=1230&hei=1500,https://slimages.macysassets.com/is/image/MCY/products/9/optimized/11791069_fpx.tif?op_sharpen=1&wid=1230&hei=1500,https://slimages.macysassets.com/is/image/MCY/products/1/optimized/11791071_fpx.tif?op_sharpen=1&wid=1230&hei=1500",,colors,Hemp,1,1,,sizes,7M,1,1,,,,,,
variation,https://www.macys.com/shop/product/michael-michael-kors-lillie-moccasin-flats?ID=6537373,,,macys-6537373,Lillie Moccasin Flats,Michael Kors,Macys,1,0,visible,,,taxable,1,0,1.0,0.5,99.0,5.0,49.5,153.5,17200,Women>Shoes>Flats,"https://slimages.macysassets.com/is/image/MCY/products/7/optimized/11791067_fpx.tif?op_sharpen=1&wid=1230&hei=1500,https://slimages.macysassets.com/is/image/MCY/products/9/optimized/11791069_fpx.tif?op_sharpen=1&wid=1230&hei=1500,https://slimages.macysassets.com/is/image/MCY/products/1/optimized/11791071_fpx.tif?op_sharpen=1&wid=1230&hei=1500",,colors,Hemp,1,1,,sizes,7.5M,1,1,,,,,,
variation,https://www.macys.com/shop/product/michael-michael-kors-lillie-moccasin-flats?ID=6537373,,,macys-6537373,Lillie Moccasin Flats,Michael Kors,Macys,1,0,visible,,,taxable,1,0,1.0,0.5,99.0,5.0,49.5,153.5,17200,Women>Shoes>Flats,"https://slimages.macysassets.com/is/image/MCY/products/7/optimized/11791067_fpx.tif?op_sharpen=1&wid=1230&hei=1500,https://slimages.macysassets.com/is/image/MCY/products/9/optimized/11791069_fpx.tif?op_sharpen=1&wid=1230&hei=1500,https://slimages.macysassets.com/is/image/MCY/products/1/optimized/11791071_fpx.tif?op_sharpen=1&wid=1230&hei=1500",,colors,Hemp,1,1,,sizes,8M,1,1,,,,,,
variation,https://www.macys.com/shop/product/michael-michael-kors-lillie-moccasin-flats?ID=6537373,,,macys-6537373,Lillie Moccasin Flats,Michael Kors,Macys,1,0,visible,,,taxable,1,0,1.0,0.5,99.0,5.0,49.5,153.5,17200,Women>Shoes>Flats,"https://slimages.macysassets.com/is/image/MCY/products/7/optimized/11791067_fpx.tif?op_sharpen=1&wid=1230&hei=1500,https://slimages.macysassets.com/is/image/MCY/products/9/optimized/11791069_fpx.tif?op_sharpen=1&wid=1230&hei=1500,https://slimages.macysassets.com/is/image/MCY/products/1/optimized/11791071_fpx.tif?op_sharpen=1&wid=1230&hei=1500",,colors,Hemp,1,1,,sizes,8.5M,1,1,,,,,,
variation,https://www.macys.com/shop/product/michael-michael-kors-lillie-moccasin-flats?ID=6537373,,,macys-6537373,Lillie Moccasin Flats,Michael Kors,Macys,1,0,visible,,,taxable,1,0,1.0,0.5,99.0,5.0,49.5,153.5,17200,Women>Shoes>Flats,"https://slimages.macysassets.com/is/image/MCY/products/7/optimized/11791067_fpx.tif?op_sharpen=1&wid=1230&hei=1500,https://slimages.macysassets.com/is/image/MCY/products/9/optimized/11791069_fpx.tif?op_sharpen=1&wid=1230&hei=1500,https://slimages.macysassets.com/is/image/MCY/products/1/optimized/11791071_fpx.tif?op_sharpen=1&wid=1230&hei=1500",,colors,Hemp,1,1,,sizes,9M,1,1,,,,,,
variation,https://www.macys.com/shop/product/michael-michael-kors-lillie-moccasin-flats?ID=6537373,,,macys-6537373,Lillie Moccasin Flats,Michael Kors,Macys,1,0,visible,,,taxable,1,0,1.0,0.5,99.0,5.0,49.5,153.5,17200,Women>Shoes>Flats,"https://slimages.macysassets.com/is/image/MCY/products/7/optimized/11791067_fpx.tif?op_sharpen=1&wid=1230&hei=1500,https://slimages.macysassets.com/is/image/MCY/products/9/optimized/11791069_fpx.tif?op_sharpen=1&wid=1230&hei=1500,https://slimages.macysassets.com/is/image/MCY/products/1/optimized/11791071_fpx.tif?op_sharpen=1&wid=1230&hei=1500",,colors,Hemp,1,1,,sizes,9.5M,1,1,,,,,,
variation,https://www.macys.com/shop/product/michael-michael-kors-lillie-moccasin-flats?ID=6537373,,,macys-6537373,Lillie Moccasin Flats,Michael Kors,Macys,1,0,visible,,,taxable,1,0,1.0,0.5,99.0,5.0,49.5,153.5,17200,Women>Shoes>Flats,"https://slimages.macysassets.com/is/image/MCY/products/7/optimized/11791067_fpx.tif?op_sharpen=1&wid=1230&hei=1500,https://slimages.macysassets.com/is/image/MCY/products/9/optimized/11791069_fpx.tif?op_sharpen=1&wid=1230&hei=1500,https://slimages.macysassets.com/is/image/MCY/products/1/optimized/11791071_fpx.tif?op_sharpen=1&wid=1230&hei=1500",,colors,Hemp,1,1,,sizes,10M,1,1,,,,,,
variation,https://www.macys.com/shop/product/michael-michael-kors-lillie-moccasin-flats?ID=6537373,,,macys-6537373,Lillie Moccasin Flats,Michael Kors,Macys,1,0,visible,,,taxable,1,0,1.0,0.5,99.0,5.0,49.5,153.5,17200,Women>Shoes>Flats,"https://slimages.macysassets.com/is/image/MCY/products/7/optimized/11791067_fpx.tif?op_sharpen=1&wid=1230&hei=1500,https://slimages.macysassets.com/is/image/MCY/products/9/optimized/11791069_fpx.tif?op_sharpen=1&wid=1230&hei=1500,https://slimages.macysassets.com/is/image/MCY/products/1/optimized/11791071_fpx.tif?op_sharpen=1&wid=1230&hei=1500",,colors,Hemp,1,1,,sizes,11M,1,1,,,,,,
