attribute1_default,attribute1_global,attribute1_name,attribute1_values,attribute1_visible,attribute2_default,attribute2_global,attribute2_name,attribute2_values,attribute2_visible,attribute3_default,attribute3_global,attribute3_name,attribute3_values,attribute3_visible,backorders_allowed,brand,category,description,estimated_profit_in_usd,estimated_shipping_cost_in_usd,final_price_in_npr,final_price_in_usd,in_stock,name,original_price_in_usd,parent_sku,picture_urls,product_id,product_url,profit_margin_rate,short_description,sku,store,swatch_url,tax_status,weight,wp_featured,wp_product_type,wp_published,wp_visibility
Y255 Sand Beige,1,Color,"Y205 Albaster,R210 Pink Albaster,Y215 Yellow Albaster,110 = R220 Pink Porcelain,117 = Y225 Marble,115 = R230 Ivory,Y235 Ivory Beige,107 = R240 Pink,120 = Y245 Soft Sand,R250 Beige Nude,Y255 Sand Beige,R260 Pink Beige,135 = R300 Vanilla,140 = Y305 Soft Beige,125 = Y315 Sand,118 = Y325 Flesh,130 = R330 Warm Ivory,127 = Y335 Dark Sand,Y345 Natural Beige,Y355 Neutral Beige,145 = R360 Neutral,123 = Y365 Desert,155 = R370 Medium Beige,Y375 Golden Sand,Y385 Olive Beige,153 = Y405 Golden Honey,160 = R410 Golden Beige,128 = Y415 Almond,165 = R420 Honey Beige,Y425 Honey,R430 Hazelnut,170 = Y435 Caramel,173 = Y445 Amber,Y455 Praline,177 = Y505 Cognac,175 = R510 Coffee,R520 Cinnamon,180 = R530 Brown,178 = Y535 Chestnut,R540 Dark Brown",1,,,,,,,,,,,0,MAKE UP FOR EVER,Beauty>Makeup>Face>Foundation,"<b>What it is: </b>A top-selling foundation with buildable coverage and a natural finish, best suited for normal to combination skin.<br><br><b>Coverage:</b> Medium  <br><br><b>Finish:</b> Natural  <br><br><b>Formulation:</b> Liquid <br><br><b>Skin Type:</b> Normal, Dry, Combination, and Oily <br><br><b>What Else You Need to Know:</b> This weightless formula&#151;MAKE UP FOR EVER’s most iconic foundation&#151;boasts buildable, medium coverage and a second-skin finish that blurs and smooths imperfections. Often cited as one of the best foundation liquids, this pro-essential ranges in shades from deep to light and undertones from cool to warm.",21.5,2.5,7600,67.0,1,Ultra HD Invisible Cover Foundation,43.0,,"https://www.sephora.com/productimages/sku/s1708957-main-zoom.jpg,https://www.sephora.com/productimages/product/p398321-av-01-zoom.jpg,https://www.sephora.com/productimages/product/p398321-av-06-zoom.jpg,https://www.sephora.com/productimages/sku/s1708957-av-01-zoom.jpg",,https://www.sephora.com/product/ultra-hd-invisible-cover-foundation-P398321?skuId=1708957,0.5,"A top-selling foundation with buildable coverage and a natural finish, best suited for normal to combination skin.",sephora-1708957,Sephora,,taxable,0.5,0,variable,1,visible
,1,Color,Y205 Albaster,1,,,,,,,,,,,0,MAKE UP FOR EVER,Beauty>Makeup>Face>Foundation,,21.5,2.5,7600,67.0,1,Ultra HD Invisible Cover Foundation,43.0,sephora-1708957,"https://www.sephora.com/productimages/sku/s1709096-main-zoom.jpg,https://www.sephora.com/productimages/product/p398321-av-01-zoom.jpg,https://www.sephora.com/productimages/product/p398321-av-06-zoom.jpg,https://www.sephora.com/productimages/sku/s1709096-av-01-zoom.jpg",,https://www.sephora.com/product/ultra-hd-invisible-cover-foundation-P398321?skuId=1708957,0.5,,,Sephora,,taxable,0.5,0,variation,1,visible
,1,Color,R210 Pink Albaster,1,,,,,,,,,,,0,MAKE UP FOR EVER,Beauty>Makeup>Face>Foundation,,21.5,2.5,7600,67.0,1,Ultra HD Invisible Cover Foundation,43.0,sephora-1708957,"https://www.sephora.com/productimages/sku/s1709245-main-zoom.jpg,https://www.sephora.com/productimages/product/p398321-av-01-zoom.jpg,https://www.sephora.com/productimages/product/p398321-av-06-zoom.jpg,https://www.sephora.com/productimages/sku/s1709245-av-01-zoom.jpg",,https://www.sephora.com/product/ultra-hd-invisible-cover-foundation-P398321?skuId=1708957,0.5,,,Sephora,,taxable,0.5,0,variation,1,visible
,1,Color,Y215 Yellow Albaster,1,,,,,,,,,,,0,MAKE UP FOR EVER,Beauty>Makeup>Face>Foundation,,21.5,2.5,7600,67.0,1,Ultra HD Invisible Cover Foundation,43.0,sephora-1708957,"https://www.sephora.com/productimages/sku/s1709013-main-zoom.jpg,https://www.sephora.com/productimages/product/p398321-av-01-zoom.jpg,https://www.sephora.com/productimages/product/p398321-av-06-zoom.jpg,https://www.sephora.com/productimages/sku/s1709013-av-01-zoom.jpg",,https://www.sephora.com/product/ultra-hd-invisible-cover-foundation-P398321?skuId=1708957,0.5,,,Sephora,,taxable,0.5,0,variation,1,visible
,1,Color,110 = R220 Pink Porcelain,1,,,,,,,,,,,0,MAKE UP FOR EVER,Beauty>Makeup>Face>Foundation,,21.5,2.5,7600,67.0,1,Ultra HD Invisible Cover Foundation,43.0,sephora-1708957,"https://www.sephora.com/productimages/sku/s1709112-main-zoom.jpg,https://www.sephora.com/productimages/product/p398321-av-01-zoom.jpg,https://www.sephora.com/productimages/product/p398321-av-06-zoom.jpg,https://www.sephora.com/productimages/sku/s1709112-av-01-zoom.jpg",,https://www.sephora.com/product/ultra-hd-invisible-cover-foundation-P398321?skuId=1708957,0.5,,,Sephora,,taxable,0.5,0,variation,1,visible
,1,Color,117 = Y225 Marble,1,,,,,,,,,,,0,MAKE UP FOR EVER,Beauty>Makeup>Face>Foundation,,21.5,2.5,7600,67.0,1,Ultra HD Invisible Cover Foundation,43.0,sephora-1708957,"https://www.sephora.com/productimages/sku/s1708932-main-zoom.jpg,https://www.sephora.com/productimages/product/p398321-av-01-zoom.jpg,https://www.sephora.com/productimages/product/p398321-av-06-zoom.jpg,https://www.sephora.com/productimages/sku/s1708932-av-01-zoom.jpg",,https://www.sephora.com/product/ultra-hd-invisible-cover-foundation-P398321?skuId=1708957,0.5,,,Sephora,,taxable,0.5,0,variation,1,visible
,1,Color,115 = R230 Ivory,1,,,,,,,,,,,0,MAKE UP FOR EVER,Beauty>Makeup>Face>Foundation,,21.5,2.5,7600,67.0,1,Ultra HD Invisible Cover Foundation,43.0,sephora-1708957,"https://www.sephora.com/productimages/sku/s1708999-main-zoom.jpg,https://www.sephora.com/productimages/product/p398321-av-01-zoom.jpg,https://www.sephora.com/productimages/product/p398321-av-06-zoom.jpg,https://www.sephora.com/productimages/sku/s1708999-av-01-zoom.jpg",,https://www.sephora.com/product/ultra-hd-invisible-cover-foundation-P398321?skuId=1708957,0.5,,,Sephora,,taxable,0.5,0,variation,1,visible
,1,Color,Y235 Ivory Beige,1,,,,,,,,,,,0,MAKE UP FOR EVER,Beauty>Makeup>Face>Foundation,,21.5,2.5,7600,67.0,1,Ultra HD Invisible Cover Foundation,43.0,sephora-1708957,"https://www.sephora.com/productimages/sku/s1708924-main-zoom.jpg,https://www.sephora.com/productimages/product/p398321-av-01-zoom.jpg,https://www.sephora.com/productimages/product/p398321-av-06-zoom.jpg,https://www.sephora.com/productimages/sku/s1708924-av-01-zoom.jpg",,https://www.sephora.com/product/ultra-hd-invisible-cover-foundation-P398321?skuId=1708957,0.5,,,Sephora,,taxable,0.5,0,variation,1,visible
,1,Color,107 = R240 Pink,1,,,,,,,,,,,0,MAKE UP FOR EVER,Beauty>Makeup>Face>Foundation,,21.5,2.5,7600,67.0,1,Ultra HD Invisible Cover Foundation,43.0,sephora-1708957,"https://www.sephora.com/productimages/sku/s1709237-main-zoom.jpg,https://www.sephora.com/productimages/product/p398321-av-01-zoom.jpg,https://www.sephora.com/productimages/product/p398321-av-06-zoom.jpg,https://www.sephora.com/productimages/sku/s1709237-av-01-zoom.jpg",,https://www.sephora.com/product/ultra-hd-invisible-cover-foundation-P398321?skuId=1708957,0.5,,,Sephora,,taxable,0.5,0,variation,1,visible
,1,Color,120 = Y245 Soft Sand,1,,,,,,,,,,,0,MAKE UP FOR EVER,Beauty>Makeup>Face>Foundation,,21.5,2.5,7600,67.0,1,Ultra HD Invisible Cover Foundation,43.0,sephora-1708957,"https://www.sephora.com/productimages/sku/s1708890-main-zoom.jpg,https://www.sephora.com/productimages/product/p398321-av-01-zoom.jpg,https://www.sephora.com/productimages/product/p398321-av-06-zoom.jpg,https://www.sephora.com/productimages/sku/s1708890-av-01-zoom.jpg",,https://www.sephora.com/product/ultra-hd-invisible-cover-foundation-P398321?skuId=1708957,0.5,,,Sephora,,taxable,0.5,0,variation,1,visible
,1,Color,R250 Beige Nude,1,,,,,,,,,,,0,MAKE UP FOR EVER,Beauty>Makeup>Face>Foundation,,21.5,2.5,7600,67.0,1,Ultra HD Invisible Cover Foundation,43.0,sephora-1708957,"https://www.sephora.com/productimages/sku/s1709005-main-zoom.jpg,https://www.sephora.com/productimages/product/p398321-av-01-zoom.jpg,https://www.sephora.com/productimages/product/p398321-av-06-zoom.jpg,https://www.sephora.com/productimages/sku/s1709005-av-01-zoom.jpg",,https://www.sephora.com/product/ultra-hd-invisible-cover-foundation-P398321?skuId=1708957,0.5,,,Sephora,,taxable,0.5,0,variation,1,visible
,1,Color,Y255 Sand Beige,1,,,,,,,,,,,0,MAKE UP FOR EVER,Beauty>Makeup>Face>Foundation,,21.5,2.5,7600,67.0,1,Ultra HD Invisible Cover Foundation,43.0,sephora-1708957,"https://www.sephora.com/productimages/sku/s1708957-main-zoom.jpg,https://www.sephora.com/productimages/product/p398321-av-01-zoom.jpg,https://www.sephora.com/productimages/product/p398321-av-06-zoom.jpg,https://www.sephora.com/productimages/sku/s1708957-av-01-zoom.jpg",,https://www.sephora.com/product/ultra-hd-invisible-cover-foundation-P398321?skuId=1708957,0.5,,,Sephora,,taxable,0.5,0,variation,1,visible
,1,Color,R260 Pink Beige,1,,,,,,,,,,,0,MAKE UP FOR EVER,Beauty>Makeup>Face>Foundation,,21.5,2.5,7600,67.0,1,Ultra HD Invisible Cover Foundation,43.0,sephora-1708957,"https://www.sephora.com/productimages/sku/s1708940-main-zoom.jpg,https://www.sephora.com/productimages/product/p398321-av-01-zoom.jpg,https://www.sephora.com/productimages/product/p398321-av-06-zoom.jpg,https://www.sephora.com/productimages/sku/s1708940-av-01-zoom.jpg",,https://www.sephora.com/product/ultra-hd-invisible-cover-foundation-P398321?skuId=1708957,0.5,,,Sephora,,taxable,0.5,0,variation,1,visible
,1,Color,135 = R300 Vanilla,1,,,,,,,,,,,0,MAKE UP FOR EVER,Beauty>Makeup>Face>Foundation,,21.5,2.5,7600,67.0,1,Ultra HD Invisible Cover Foundation,43.0,sephora-1708957,"https://www.sephora.com/productimages/sku/s1709187-main-zoom.jpg,https://www.sephora.com/productimages/product/p398321-av-01-zoom.jpg,https://www.sephora.com/productimages/product/p398321-av-06-zoom.jpg,https://www.sephora.com/productimages/sku/s1709187-av-01-zoom.jpg",,https://www.sephora.com/product/ultra-hd-invisible-cover-foundation-P398321?skuId=1708957,0.5,,,Sephora,,taxable,0.5,0,variation,1,visible
,1,Color,140 = Y305 Soft Beige,1,,,,,,,,,,,0,MAKE UP FOR EVER,Beauty>Makeup>Face>Foundation,,21.5,2.5,7600,67.0,1,Ultra HD Invisible Cover Foundation,43.0,sephora-1708957,"https://www.sephora.com/productimages/sku/s1708965-main-zoom.jpg,https://www.sephora.com/productimages/product/p398321-av-01-zoom.jpg,https://www.sephora.com/productimages/product/p398321-av-06-zoom.jpg,https://www.sephora.com/productimages/sku/s1708965-av-01-zoom.jpg",,https://www.sephora.com/product/ultra-hd-invisible-cover-foundation-P398321?skuId=1708957,0.5,,,Sephora,,taxable,0.5,0,variation,1,visible
,1,Color,125 = Y315 Sand,1,,,,,,,,,,,0,MAKE UP FOR EVER,Beauty>Makeup>Face>Foundation,,21.5,2.5,7600,67.0,1,Ultra HD Invisible Cover Foundation,43.0,sephora-1708957,"https://www.sephora.com/productimages/sku/s1708882-main-zoom.jpg,https://www.sephora.com/productimages/product/p398321-av-01-zoom.jpg,https://www.sephora.com/productimages/product/p398321-av-06-zoom.jpg,https://www.sephora.com/productimages/sku/s1708882-av-01-zoom.jpg",,https://www.sephora.com/product/ultra-hd-invisible-cover-foundation-P398321?skuId=1708957,0.5,,,Sephora,,taxable,0.5,0,variation,1,visible
,1,Color,118 = Y325 Flesh,1,,,,,,,,,,,0,MAKE UP FOR EVER,Beauty>Makeup>Face>Foundation,,21.5,2.5,7600,67.0,1,Ultra HD Invisible Cover Foundation,43.0,sephora-1708957,"https://www.sephora.com/productimages/sku/s1708874-main-zoom.jpg,https://www.sephora.com/productimages/product/p398321-av-01-zoom.jpg,https://www.sephora.com/productimages/product/p398321-av-06-zoom.jpg,https://www.sephora.com/productimages/sku/s1708874-av-01-zoom.jpg",,https://www.sephora.com/product/ultra-hd-invisible-cover-foundation-P398321?skuId=1708957,0.5,,,Sephora,,taxable,0.5,0,variation,1,visible
,1,Color,130 = R330 Warm Ivory,1,,,,,,,,,,,0,MAKE UP FOR EVER,Beauty>Makeup>Face>Foundation,,21.5,2.5,7600,67.0,1,Ultra HD Invisible Cover Foundation,43.0,sephora-1708957,"https://www.sephora.com/productimages/sku/s1708973-main-zoom.jpg,https://www.sephora.com/productimages/product/p398321-av-01-zoom.jpg,https://www.sephora.com/productimages/product/p398321-av-06-zoom.jpg,https://www.sephora.com/productimages/sku/s1708973-av-01-zoom.jpg",,https://www.sephora.com/product/ultra-hd-invisible-cover-foundation-P398321?skuId=1708957,0.5,,,Sephora,,taxable,0.5,0,variation,1,visible
,1,Color,127 = Y335 Dark Sand,1,,,,,,,,,,,0,MAKE UP FOR EVER,Beauty>Makeup>Face>Foundation,,21.5,2.5,7600,67.0,1,Ultra HD Invisible Cover Foundation,43.0,sephora-1708957,"https://www.sephora.com/productimages/sku/s1708858-main-zoom.jpg,https://www.sephora.com/productimages/product/p398321-av-01-zoom.jpg,https://www.sephora.com/productimages/product/p398321-av-06-zoom.jpg,https://www.sephora.com/productimages/sku/s1708858-av-01-zoom.jpg",,https://www.sephora.com/product/ultra-hd-invisible-cover-foundation-P398321?skuId=1708957,0.5,,,Sephora,,taxable,0.5,0,variation,1,visible
,1,Color,Y345 Natural Beige,1,,,,,,,,,,,0,MAKE UP FOR EVER,Beauty>Makeup>Face>Foundation,,21.5,2.5,7600,67.0,1,Ultra HD Invisible Cover Foundation,43.0,sephora-1708957,"https://www.sephora.com/productimages/sku/s1709039-main-zoom.jpg,https://www.sephora.com/productimages/product/p398321-av-01-zoom.jpg,https://www.sephora.com/productimages/product/p398321-av-06-zoom.jpg,https://www.sephora.com/productimages/sku/s1709039-av-01-zoom.jpg",,https://www.sephora.com/product/ultra-hd-invisible-cover-foundation-P398321?skuId=1708957,0.5,,,Sephora,,taxable,0.5,0,variation,1,visible
,1,Color,Y355 Neutral Beige,1,,,,,,,,,,,0,MAKE UP FOR EVER,Beauty>Makeup>Face>Foundation,,21.5,2.5,7600,67.0,1,Ultra HD Invisible Cover Foundation,43.0,sephora-1708957,"https://www.sephora.com/productimages/sku/s1708866-main-zoom.jpg,https://www.sephora.com/productimages/product/p398321-av-01-zoom.jpg,https://www.sephora.com/productimages/product/p398321-av-06-zoom.jpg,https://www.sephora.com/productimages/sku/s1708866-av-01-zoom.jpg",,https://www.sephora.com/product/ultra-hd-invisible-cover-foundation-P398321?skuId=1708957,0.5,,,Sephora,,taxable,0.5,0,variation,1,visible
,1,Color,145 = R360 Neutral,1,,,,,,,,,,,0,MAKE UP FOR EVER,Beauty>Makeup>Face>Foundation,,21.5,2.5,7600,67.0,1,Ultra HD Invisible Cover Foundation,43.0,sephora-1708957,"https://www.sephora.com/productimages/sku/s1709161-main-zoom.jpg,https://www.sephora.com/productimages/product/p398321-av-01-zoom.jpg,https://www.sephora.com/productimages/product/p398321-av-06-zoom.jpg,https://www.sephora.com/productimages/sku/s1709161-av-01-zoom.jpg",,https://www.sephora.com/product/ultra-hd-invisible-cover-foundation-P398321?skuId=1708957,0.5,,,Sephora,,taxable,0.5,0,variation,1,visible
,1,Color,123 = Y365 Desert,1,,,,,,,,,,,0,MAKE UP FOR EVER,Beauty>Makeup>Face>Foundation,,21.5,2.5,7600,67.0,1,Ultra HD Invisible Cover Foundation,43.0,sephora-1708957,"https://www.sephora.com/productimages/sku/s1708916-main-zoom.jpg,https://www.sephora.com/productimages/product/p398321-av-01-zoom.jpg,https://www.sephora.com/productimages/product/p398321-av-06-zoom.jpg,https://www.sephora.com/productimages/sku/s1708916-av-01-zoom.jpg",,https://www.sephora.com/product/ultra-hd-invisible-cover-foundation-P398321?skuId=1708957,0.5,,,Sephora,,taxable,0.5,0,variation,1,visible
,1,Color,155 = R370 Medium Beige,1,,,,,,,,,,,0,MAKE UP FOR EVER,Beauty>Makeup>Face>Foundation,,21.5,2.5,7600,67.0,1,Ultra HD Invisible Cover Foundation,43.0,sephora-1708957,"https://www.sephora.com/productimages/sku/s1708981-main-zoom.jpg,https://www.sephora.com/productimages/product/p398321-av-01-zoom.jpg,https://www.sephora.com/productimages/product/p398321-av-06-zoom.jpg,https://www.sephora.com/productimages/sku/s1708981-av-01-zoom.jpg",,https://www.sephora.com/product/ultra-hd-invisible-cover-foundation-P398321?skuId=1708957,0.5,,,Sephora,,taxable,0.5,0,variation,1,visible
,1,Color,Y375 Golden Sand,1,,,,,,,,,,,0,MAKE UP FOR EVER,Beauty>Makeup>Face>Foundation,,21.5,2.5,7600,67.0,1,Ultra HD Invisible Cover Foundation,43.0,sephora-1708957,"https://www.sephora.com/productimages/sku/s1709021-main-zoom.jpg,https://www.sephora.com/productimages/product/p398321-av-01-zoom.jpg,https://www.sephora.com/productimages/product/p398321-av-06-zoom.jpg,https://www.sephora.com/productimages/sku/s1709021-av-01-zoom.jpg",,https://www.sephora.com/product/ultra-hd-invisible-cover-foundation-P398321?skuId=1708957,0.5,,,Sephora,,taxable,0.5,0,variation,1,visible
,1,Color,Y385 Olive Beige,1,,,,,,,,,,,0,MAKE UP FOR EVER,Beauty>Makeup>Face>Foundation,,21.5,2.5,7600,67.0,1,Ultra HD Invisible Cover Foundation,43.0,sephora-1708957,"https://www.sephora.com/productimages/sku/s1709047-main-zoom.jpg,https://www.sephora.com/productimages/product/p398321-av-01-zoom.jpg,https://www.sephora.com/productimages/product/p398321-av-06-zoom.jpg,https://www.sephora.com/productimages/sku/s1709047-av-01-zoom.jpg",,https://www.sephora.com/product/ultra-hd-invisible-cover-foundation-P398321?skuId=1708957,0.5,,,Sephora,,taxable,0.5,0,variation,1,visible
,1,Color,153 = Y405 Golden Honey,1,,,,,,,,,,,0,MAKE UP FOR EVER,Beauty>Makeup>Face>Foundation,,21.5,2.5,7600,67.0,1,Ultra HD Invisible Cover Foundation,43.0,sephora-1708957,"https://www.sephora.com/productimages/sku/s1709054-main-zoom.jpg,https://www.sephora.com/productimages/product/p398321-av-01-zoom.jpg,https://www.sephora.com/productimages/product/p398321-av-06-zoom.jpg,https://www.sephora.com/productimages/sku/s1709054-av-01-zoom.jpg",,https://www.sephora.com/product/ultra-hd-invisible-cover-foundation-P398321?skuId=1708957,0.5,,,Sephora,,taxable,0.5,0,variation,1,visible
,1,Color,160 = R410 Golden Beige,1,,,,,,,,,,,0,MAKE UP FOR EVER,Beauty>Makeup>Face>Foundation,,21.5,2.5,7600,67.0,1,Ultra HD Invisible Cover Foundation,43.0,sephora-1708957,"https://www.sephora.com/productimages/sku/s1709203-main-zoom.jpg,https://www.sephora.com/productimages/product/p398321-av-01-zoom.jpg,https://www.sephora.com/productimages/product/p398321-av-06-zoom.jpg,https://www.sephora.com/productimages/sku/s1709203-av-01-zoom.jpg",,https://www.sephora.com/product/ultra-hd-invisible-cover-foundation-P398321?skuId=1708957,0.5,,,Sephora,,taxable,0.5,0,variation,1,visible
,1,Color,128 = Y415 Almond,1,,,,,,,,,,,0,MAKE UP FOR EVER,Beauty>Makeup>Face>Foundation,,21.5,2.5,7600,67.0,1,Ultra HD Invisible Cover Foundation,43.0,sephora-1708957,"https://www.sephora.com/productimages/sku/s1708908-main-zoom.jpg,https://www.sephora.com/productimages/product/p398321-av-01-zoom.jpg,https://www.sephora.com/productimages/product/p398321-av-06-zoom.jpg,https://www.sephora.com/productimages/sku/s1708908-av-01-zoom.jpg",,https://www.sephora.com/product/ultra-hd-invisible-cover-foundation-P398321?skuId=1708957,0.5,,,Sephora,,taxable,0.5,0,variation,1,visible
,1,Color,165 = R420 Honey Beige,1,,,,,,,,,,,0,MAKE UP FOR EVER,Beauty>Makeup>Face>Foundation,,21.5,2.5,7600,67.0,1,Ultra HD Invisible Cover Foundation,43.0,sephora-1708957,"https://www.sephora.com/productimages/sku/s1709229-main-zoom.jpg,https://www.sephora.com/productimages/product/p398321-av-01-zoom.jpg,https://www.sephora.com/productimages/product/p398321-av-06-zoom.jpg,https://www.sephora.com/productimages/sku/s1709229-av-01-zoom.jpg",,https://www.sephora.com/product/ultra-hd-invisible-cover-foundation-P398321?skuId=1708957,0.5,,,Sephora,,taxable,0.5,0,variation,1,visible
,1,Color,Y425 Honey,1,,,,,,,,,,,0,MAKE UP FOR EVER,Beauty>Makeup>Face>Foundation,,21.5,2.5,7600,67.0,1,Ultra HD Invisible Cover Foundation,43.0,sephora-1708957,"https://www.sephora.com/productimages/sku/s1709062-main-zoom.jpg,https://www.sephora.com/productimages/product/p398321-av-01-zoom.jpg,https://www.sephora.com/productimages/product/p398321-av-06-zoom.jpg,https://www.sephora.com/productimages/sku/s1709062-av-01-zoom.jpg",,https://www.sephora.com/product/ultra-hd-invisible-cover-foundation-P398321?skuId=1708957,0.5,,,Sephora,,taxable,0.5,0,variation,1,visible
,1,Color,R430 Hazelnut,1,,,,,,,,,,,0,MAKE UP FOR EVER,Beauty>Makeup>Face>Foundation,,21.5,2.5,7600,67.0,1,Ultra HD Invisible Cover Foundation,43.0,sephora-1708957,"https://www.sephora.com/productimages/sku/s1709120-main-zoom.jpg,https://www.sephora.com/productimages/product/p398321-av-01-zoom.jpg,https://www.sephora.com/productimages/product/p398321-av-06-zoom.jpg,https://www.sephora.com/productimages/sku/s1709120-av-01-zoom.jpg",,https://www.sephora.com/product/ultra-hd-invisible-cover-foundation-P398321?skuId=1708957,0.5,,,Sephora,,taxable,0.5,0,variation,1,visible
,1,Color,170 = Y435 Caramel,1,,,,,,,,,,,0,MAKE UP FOR EVER,Beauty>Makeup>Face>Foundation,,21.5,2.5,7600,67.0,1,Ultra HD Invisible Cover Foundation,43.0,sephora-1708957,"https://www.sephora.com/productimages/sku/s1709146-main-zoom.jpg,https://www.sephora.com/productimages/product/p398321-av-01-zoom.jpg,https://www.sephora.com/productimages/product/p398321-av-06-zoom.jpg,https://www.sephora.com/productimages/sku/s1709146-av-01-zoom.jpg",,https://www.sephora.com/product/ultra-hd-invisible-cover-foundation-P398321?skuId=1708957,0.5,,,Sephora,,taxable,0.5,0,variation,1,visible
,1,Color,173 = Y445 Amber,1,,,,,,,,,,,0,MAKE UP FOR EVER,Beauty>Makeup>Face>Foundation,,21.5,2.5,7600,67.0,1,Ultra HD Invisible Cover Foundation,43.0,sephora-1708957,"https://www.sephora.com/productimages/sku/s1709104-main-zoom.jpg,https://www.sephora.com/productimages/product/p398321-av-01-zoom.jpg,https://www.sephora.com/productimages/product/p398321-av-06-zoom.jpg,https://www.sephora.com/productimages/sku/s1709104-av-01-zoom.jpg",,https://www.sephora.com/product/ultra-hd-invisible-cover-foundation-P398321?skuId=1708957,0.5,,,Sephora,,taxable,0.5,0,variation,1,visible
,1,Color,Y455 Praline,1,,,,,,,,,,,0,MAKE UP FOR EVER,Beauty>Makeup>Face>Foundation,,21.5,2.5,7600,67.0,1,Ultra HD Invisible Cover Foundation,43.0,sephora-1708957,"https://www.sephora.com/productimages/sku/s1709070-main-zoom.jpg,https://www.sephora.com/productimages/product/p398321-av-01-zoom.jpg,https://www.sephora.com/productimages/product/p398321-av-06-zoom.jpg,https://www.sephora.com/productimages/sku/s1709070-av-01-zoom.jpg",,https://www.sephora.com/product/ultra-hd-invisible-cover-foundation-P398321?skuId=1708957,0.5,,,Sephora,,taxable,0.5,0,variation,1,visible
,1,Color,177 = Y505 Cognac,1,,,,,,,,,,,0,MAKE UP FOR EVER,Beauty>Makeup>Face>Foundation,,21.5,2.5,7600,67.0,1,Ultra HD Invisible Cover Foundation,43.0,sephora-1708957,"https://www.sephora.com/productimages/sku/s1709088-main-zoom.jpg,https://www.sephora.com/productimages/product/p398321-av-01-zoom.jpg,https://www.sephora.com/productimages/product/p398321-av-06-zoom.jpg,https://www.sephora.com/productimages/sku/s1709088-av-01-zoom.jpg",,https://www.sephora.com/product/ultra-hd-invisible-cover-foundation-P398321?skuId=1708957,0.5,,,Sephora,,taxable,0.5,0,variation,1,visible
,1,Color,175 = R510 Coffee,1,,,,,,,,,,,0,MAKE UP FOR EVER,Beauty>Makeup>Face>Foundation,,21.5,2.5,7600,67.0,1,Ultra HD Invisible Cover Foundation,43.0,sephora-1708957,"https://www.sephora.com/productimages/sku/s1709195-main-zoom.jpg,https://www.sephora.com/productimages/product/p398321-av-01-zoom.jpg,https://www.sephora.com/productimages/product/p398321-av-06-zoom.jpg,https://www.sephora.com/productimages/sku/s1709195-av-01-zoom.jpg",,https://www.sephora.com/product/ultra-hd-invisible-cover-foundation-P398321?skuId=1708957,0.5,,,Sephora,,taxable,0.5,0,variation,1,visible
,1,Color,R520 Cinnamon,1,,,,,,,,,,,0,MAKE UP FOR EVER,Beauty>Makeup>Face>Foundation,,21.5,2.5,7600,67.0,1,Ultra HD Invisible Cover Foundation,43.0,sephora-1708957,"https://www.sephora.com/productimages/sku/s1709153-main-zoom.jpg,https://www.sephora.com/productimages/product/p398321-av-01-zoom.jpg,https://www.sephora.com/productimages/product/p398321-av-06-zoom.jpg,https://www.sephora.com/productimages/sku/s1709153-av-01-zoom.jpg",,https://www.sephora.com/product/ultra-hd-invisible-cover-foundation-P398321?skuId=1708957,0.5,,,Sephora,,taxable,0.5,0,variation,1,visible
,1,Color,180 = R530 Brown,1,,,,,,,,,,,0,MAKE UP FOR EVER,Beauty>Makeup>Face>Foundation,,21.5,2.5,7600,67.0,1,Ultra HD Invisible Cover Foundation,43.0,sephora-1708957,"https://www.sephora.com/productimages/sku/s1709211-main-zoom.jpg,https://www.sephora.com/productimages/product/p398321-av-01-zoom.jpg,https://www.sephora.com/productimages/product/p398321-av-06-zoom.jpg,https://www.sephora.com/productimages/sku/s1709211-av-01-zoom.jpg",,https://www.sephora.com/product/ultra-hd-invisible-cover-foundation-P398321?skuId=1708957,0.5,,,Sephora,,taxable,0.5,0,variation,1,visible
,1,Color,178 = Y535 Chestnut,1,,,,,,,,,,,0,MAKE UP FOR EVER,Beauty>Makeup>Face>Foundation,,21.5,2.5,7600,67.0,1,Ultra HD Invisible Cover Foundation,43.0,sephora-1708957,"https://www.sephora.com/productimages/sku/s1709179-main-zoom.jpg,https://www.sephora.com/productimages/product/p398321-av-01-zoom.jpg,https://www.sephora.com/productimages/product/p398321-av-06-zoom.jpg,https://www.sephora.com/productimages/sku/s1709179-av-01-zoom.jpg",,https://www.sephora.com/product/ultra-hd-invisible-cover-foundation-P398321?skuId=1708957,0.5,,,Sephora,,taxable,0.5,0,variation,1,visible
,1,Color,R540 Dark Brown,1,,,,,,,,,,,0,MAKE UP FOR EVER,Beauty>Makeup>Face>Foundation,,21.5,2.5,7600,67.0,1,Ultra HD Invisible Cover Foundation,43.0,sephora-1708957,"https://www.sephora.com/productimages/sku/s1709138-main-zoom.jpg,https://www.sephora.com/productimages/product/p398321-av-01-zoom.jpg,https://www.sephora.com/productimages/product/p398321-av-06-zoom.jpg,https://www.sephora.com/productimages/sku/s1709138-av-01-zoom.jpg",,https://www.sephora.com/product/ultra-hd-invisible-cover-foundation-P398321?skuId=1708957,0.5,,,Sephora,,taxable,0.5,0,variation,1,visible
445 for deep skin with warm olive undertones,1,Color,"100 for very fair skin with neutral undertones,105 for very fair skin with warm yellow undertones,110 for very fair skin with cool pink undertones,120 for fair skin with neutral undertones,130 for fair skin with warm olive undertones,140 for light skin with warm yellow undertones,145 for light skin  with warm olive undertones,150 for light skin with neutral undertones,160 for light skin with cool peach undertones,170 for light skin with cool undertones,180 for light skin with warm undertones,185 for light to medium skin with neutral undertones,190 for light to medium skin with warm undertones,200 for light to medium skin with cool undertones,210 for light to medium skin with warm neutral undertones,220 for light to medium skin with warm undertones,230 for medium skin with neutral undertones,235 for medium skin with warm undertones,240 for medium skin with warm yellow undertones,250 for medium skin with warm peach undertones,255 for medium skin with very warm undertones,260 for medium skin with neutral undertones,270 for medium to tan skin with cool undertones,280 for medium to tan skin with neutral undertones,290 for medium to tan skin with warm olive undertones,300 for medium to tan skin with warm undertones,310 for medium to tan skin with warm yellow undertones,320 for medium to tan skin with cool undertones,330 for tan skin with warm undertones,340 for tan skin with cool undertones,345 for tan skin with warm olive undertones,350 for tan skin with cool neutral undertones,360 for tan skin with neutral undertones,370 for tan skin with warm neutral undertones,380 for tan to deep skin with cool undertones,385 for tan to deep skin with neutral undertones,390 for tan to deep skin with warm yellow undertones,400 for tan to deep skin with very warm undertones,410 for tan to deep skin with warm golden undertones,420 for tan to deep skin with warm undertones,430 for deep skin with warm golden undertones,440 for deep skin with warm undertones,445 for deep skin with warm olive undertones,450 for deep skin with neutral undertones,460 for deep skin with cool red undertones,470 for deep skin with cool neutral undertones,480 for deep skin with cool undertones,490 for very deep skin with neutral undertones,495 for very deep skin with cool undertones,498 for very rich, deep skin with neutral undertones",1,,,,,,,,,,,0,FENTY BEAUTY by Rihanna,Beauty>Makeup>Face>Foundation,"<b>What it is: </b>A soft matte, long-wear foundation with buildable, medium-to-full coverage, in a boundary-breaking range of 50 shades.<br><br><b>Coverage:</b> Medium  <br><br><b>Finish:</b> Matte  <br><br><b>Formulation:</b> Liquid <br><br><b>Skin Type:</b> Normal, Combination, and Oily <br><br><b> Ingredient Callouts:</b> Free of parabens and phthalates. This product is also cruelty-free.<br><br><b>What Else You Need to Know:</b> This long-wearing, light-as-air foundation gives skin an instantly-smooth, pore-diffused, shine-free finish. The oil-free formula is made with climate-adaptive technology that’s resistant to sweat and humidity, and won’t clog pores&#151;so that wherever you are, it’s going to work on your skin.<br><br>This product is an <i>Allure</i> Best of Beauty award winner.",17.5,2.5,6200,55.0,1,Pro Filt'r Soft Matte Longwear Foundation,35.0,,"https://www.sephora.com/productimages/sku/s2164671-main-zoom.jpg,https://www.sephora.com/productimages/product/p87985432-av-01-zoom.jpg,https://www.sephora.com/productimages/sku/s2164671-av-01-zoom.jpg",,https://www.sephora.com/product/pro-filtr-soft-matte-longwear-foundation-P87985432?skuId=2164671,0.5,"A soft matte, long-wear foundation with buildable, medium-to-full coverage, in a boundary-breaking range of 50 shades.",sephora-2164671,Sephora,,taxable,0.5,0,variable,1,visible
,1,Color,100 for very fair skin with neutral undertones,1,,,,,,,,,,,0,FENTY BEAUTY by Rihanna,Beauty>Makeup>Face>Foundation,,17.5,2.5,6200,55.0,1,Pro Filt'r Soft Matte Longwear Foundation,35.0,sephora-2164671,"https://www.sephora.com/productimages/sku/s1925122-main-zoom.jpg,https://www.sephora.com/productimages/product/p87985432-av-01-zoom.jpg,https://www.sephora.com/productimages/sku/s1925122-av-01-zoom.jpg",,https://www.sephora.com/product/pro-filtr-soft-matte-longwear-foundation-P87985432?skuId=2164671,0.5,,,Sephora,,taxable,0.5,0,variation,1,visible
,1,Color,105 for very fair skin with warm yellow undertones,1,,,,,,,,,,,0,FENTY BEAUTY by Rihanna,Beauty>Makeup>Face>Foundation,,17.5,2.5,6200,55.0,1,Pro Filt'r Soft Matte Longwear Foundation,35.0,sephora-2164671,"https://www.sephora.com/productimages/sku/s2164606-main-zoom.jpg,https://www.sephora.com/productimages/product/p87985432-av-01-zoom.jpg,https://www.sephora.com/productimages/sku/s2164606-av-01-zoom.jpg",,https://www.sephora.com/product/pro-filtr-soft-matte-longwear-foundation-P87985432?skuId=2164671,0.5,,,Sephora,,taxable,0.5,0,variation,1,visible
,1,Color,110 for very fair skin with cool pink undertones,1,,,,,,,,,,,0,FENTY BEAUTY by Rihanna,Beauty>Makeup>Face>Foundation,,17.5,2.5,6200,55.0,1,Pro Filt'r Soft Matte Longwear Foundation,35.0,sephora-2164671,"https://www.sephora.com/productimages/sku/s1925130-main-zoom.jpg,https://www.sephora.com/productimages/product/p87985432-av-01-zoom.jpg,https://www.sephora.com/productimages/sku/s1925130-av-01-zoom.jpg",,https://www.sephora.com/product/pro-filtr-soft-matte-longwear-foundation-P87985432?skuId=2164671,0.5,,,Sephora,,taxable,0.5,0,variation,1,visible
,1,Color,120 for fair skin with neutral undertones,1,,,,,,,,,,,0,FENTY BEAUTY by Rihanna,Beauty>Makeup>Face>Foundation,,17.5,2.5,6200,55.0,1,Pro Filt'r Soft Matte Longwear Foundation,35.0,sephora-2164671,"https://www.sephora.com/productimages/sku/s1925148-main-zoom.jpg,https://www.sephora.com/productimages/product/p87985432-av-01-zoom.jpg,https://www.sephora.com/productimages/sku/s1925148-av-01-zoom.jpg",,https://www.sephora.com/product/pro-filtr-soft-matte-longwear-foundation-P87985432?skuId=2164671,0.5,,,Sephora,,taxable,0.5,0,variation,1,visible
,1,Color,130 for fair skin with warm olive undertones,1,,,,,,,,,,,0,FENTY BEAUTY by Rihanna,Beauty>Makeup>Face>Foundation,,17.5,2.5,6200,55.0,1,Pro Filt'r Soft Matte Longwear Foundation,35.0,sephora-2164671,"https://www.sephora.com/productimages/sku/s1925155-main-zoom.jpg,https://www.sephora.com/productimages/product/p87985432-av-01-zoom.jpg,https://www.sephora.com/productimages/sku/s1925155-av-01-zoom.jpg",,https://www.sephora.com/product/pro-filtr-soft-matte-longwear-foundation-P87985432?skuId=2164671,0.5,,,Sephora,,taxable,0.5,0,variation,1,visible
,1,Color,140 for light skin with warm yellow undertones,1,,,,,,,,,,,0,FENTY BEAUTY by Rihanna,Beauty>Makeup>Face>Foundation,,17.5,2.5,6200,55.0,1,Pro Filt'r Soft Matte Longwear Foundation,35.0,sephora-2164671,"https://www.sephora.com/productimages/sku/s1925163-main-zoom.jpg,https://www.sephora.com/productimages/product/p87985432-av-01-zoom.jpg,https://www.sephora.com/productimages/sku/s1925163-av-01-zoom.jpg",,https://www.sephora.com/product/pro-filtr-soft-matte-longwear-foundation-P87985432?skuId=2164671,0.5,,,Sephora,,taxable,0.5,0,variation,1,visible
,1,Color,145 for light skin  with warm olive undertones,1,,,,,,,,,,,0,FENTY BEAUTY by Rihanna,Beauty>Makeup>Face>Foundation,,17.5,2.5,6200,55.0,1,Pro Filt'r Soft Matte Longwear Foundation,35.0,sephora-2164671,"https://www.sephora.com/productimages/sku/s2164614-main-zoom.jpg,https://www.sephora.com/productimages/product/p87985432-av-01-zoom.jpg,https://www.sephora.com/productimages/sku/s2164614-av-01-zoom.jpg",,https://www.sephora.com/product/pro-filtr-soft-matte-longwear-foundation-P87985432?skuId=2164671,0.5,,,Sephora,,taxable,0.5,0,variation,1,visible
,1,Color,150 for light skin with neutral undertones,1,,,,,,,,,,,0,FENTY BEAUTY by Rihanna,Beauty>Makeup>Face>Foundation,,17.5,2.5,6200,55.0,1,Pro Filt'r Soft Matte Longwear Foundation,35.0,sephora-2164671,"https://www.sephora.com/productimages/sku/s1925171-main-zoom.jpg,https://www.sephora.com/productimages/product/p87985432-av-01-zoom.jpg,https://www.sephora.com/productimages/sku/s1925171-av-01-zoom.jpg",,https://www.sephora.com/product/pro-filtr-soft-matte-longwear-foundation-P87985432?skuId=2164671,0.5,,,Sephora,,taxable,0.5,0,variation,1,visible
,1,Color,160 for light skin with cool peach undertones,1,,,,,,,,,,,0,FENTY BEAUTY by Rihanna,Beauty>Makeup>Face>Foundation,,17.5,2.5,6200,55.0,1,Pro Filt'r Soft Matte Longwear Foundation,35.0,sephora-2164671,"https://www.sephora.com/productimages/sku/s1925189-main-zoom.jpg,https://www.sephora.com/productimages/product/p87985432-av-01-zoom.jpg,https://www.sephora.com/productimages/sku/s1925189-av-01-zoom.jpg",,https://www.sephora.com/product/pro-filtr-soft-matte-longwear-foundation-P87985432?skuId=2164671,0.5,,,Sephora,,taxable,0.5,0,variation,1,visible
,1,Color,170 for light skin with cool undertones,1,,,,,,,,,,,0,FENTY BEAUTY by Rihanna,Beauty>Makeup>Face>Foundation,,17.5,2.5,6200,55.0,1,Pro Filt'r Soft Matte Longwear Foundation,35.0,sephora-2164671,"https://www.sephora.com/productimages/sku/s1925197-main-zoom.jpg,https://www.sephora.com/productimages/product/p87985432-av-01-zoom.jpg,https://www.sephora.com/productimages/sku/s1925197-av-01-zoom.jpg",,https://www.sephora.com/product/pro-filtr-soft-matte-longwear-foundation-P87985432?skuId=2164671,0.5,,,Sephora,,taxable,0.5,0,variation,1,visible
,1,Color,180 for light skin with warm undertones,1,,,,,,,,,,,0,FENTY BEAUTY by Rihanna,Beauty>Makeup>Face>Foundation,,17.5,2.5,6200,55.0,1,Pro Filt'r Soft Matte Longwear Foundation,35.0,sephora-2164671,"https://www.sephora.com/productimages/sku/s1925205-main-zoom.jpg,https://www.sephora.com/productimages/product/p87985432-av-01-zoom.jpg,https://www.sephora.com/productimages/sku/s1925205-av-01-zoom.jpg",,https://www.sephora.com/product/pro-filtr-soft-matte-longwear-foundation-P87985432?skuId=2164671,0.5,,,Sephora,,taxable,0.5,0,variation,1,visible
,1,Color,185 for light to medium skin with neutral undertones,1,,,,,,,,,,,0,FENTY BEAUTY by Rihanna,Beauty>Makeup>Face>Foundation,,17.5,2.5,6200,55.0,1,Pro Filt'r Soft Matte Longwear Foundation,35.0,sephora-2164671,"https://www.sephora.com/productimages/sku/s2164622-main-zoom.jpg,https://www.sephora.com/productimages/product/p87985432-av-01-zoom.jpg,https://www.sephora.com/productimages/sku/s2164622-av-01-zoom.jpg",,https://www.sephora.com/product/pro-filtr-soft-matte-longwear-foundation-P87985432?skuId=2164671,0.5,,,Sephora,,taxable,0.5,0,variation,1,visible
,1,Color,190 for light to medium skin with warm undertones,1,,,,,,,,,,,0,FENTY BEAUTY by Rihanna,Beauty>Makeup>Face>Foundation,,17.5,2.5,6200,55.0,1,Pro Filt'r Soft Matte Longwear Foundation,35.0,sephora-2164671,"https://www.sephora.com/productimages/sku/s1925213-main-zoom.jpg,https://www.sephora.com/productimages/product/p87985432-av-01-zoom.jpg,https://www.sephora.com/productimages/sku/s1925213-av-01-zoom.jpg",,https://www.sephora.com/product/pro-filtr-soft-matte-longwear-foundation-P87985432?skuId=2164671,0.5,,,Sephora,,taxable,0.5,0,variation,1,visible
,1,Color,200 for light to medium skin with cool undertones,1,,,,,,,,,,,0,FENTY BEAUTY by Rihanna,Beauty>Makeup>Face>Foundation,,17.5,2.5,6200,55.0,1,Pro Filt'r Soft Matte Longwear Foundation,35.0,sephora-2164671,"https://www.sephora.com/productimages/sku/s1925221-main-zoom.jpg,https://www.sephora.com/productimages/product/p87985432-av-01-zoom.jpg,https://www.sephora.com/productimages/sku/s1925221-av-01-zoom.jpg",,https://www.sephora.com/product/pro-filtr-soft-matte-longwear-foundation-P87985432?skuId=2164671,0.5,,,Sephora,,taxable,0.5,0,variation,1,visible
,1,Color,210 for light to medium skin with warm neutral undertones,1,,,,,,,,,,,0,FENTY BEAUTY by Rihanna,Beauty>Makeup>Face>Foundation,,17.5,2.5,6200,55.0,1,Pro Filt'r Soft Matte Longwear Foundation,35.0,sephora-2164671,"https://www.sephora.com/productimages/sku/s1925239-main-zoom.jpg,https://www.sephora.com/productimages/product/p87985432-av-01-zoom.jpg,https://www.sephora.com/productimages/sku/s1925239-av-01-zoom.jpg",,https://www.sephora.com/product/pro-filtr-soft-matte-longwear-foundation-P87985432?skuId=2164671,0.5,,,Sephora,,taxable,0.5,0,variation,1,visible
,1,Color,220 for light to medium skin with warm undertones,1,,,,,,,,,,,0,FENTY BEAUTY by Rihanna,Beauty>Makeup>Face>Foundation,,17.5,2.5,6200,55.0,1,Pro Filt'r Soft Matte Longwear Foundation,35.0,sephora-2164671,"https://www.sephora.com/productimages/sku/s1925247-main-zoom.jpg,https://www.sephora.com/productimages/product/p87985432-av-01-zoom.jpg,https://www.sephora.com/productimages/sku/s1925247-av-01-zoom.jpg",,https://www.sephora.com/product/pro-filtr-soft-matte-longwear-foundation-P87985432?skuId=2164671,0.5,,,Sephora,,taxable,0.5,0,variation,1,visible
,,,,,,,,,,,,,,,0,Drunk Elephant,Beauty>Skincare>Moisturizers,"<b>Which skin type is it good for?</b><br>&#10004; Normal<br>&#10004; Oily<br>&#10004; Combination<br>&#10004; Dry<br><br><b>What it is:</b><br>A protein moisturizer that combines an unprecedented array and concentration of actives for improvement in the appearance of skin’s tone, texture, and firmness.<br><br><b>Solutions for:</b><br>- Loss of firmness and elasticity <br>- Dryness <br>- Dullness and uneven texture  <br><br><b>If you want to know more…</b><br> Protini’s proprietary formula delivers revived, younger-looking skin, almost from the first application. Lines, wrinkles, and signs of sun-damage appear reduced, while depleted skin feels strengthened and moisturized. <br><br><b>What else you need to know:</b><br> Think of Protini&trade; in your Drunk Elephant skincare routine like adding a shot of protein to your smoothie. Abundant with proteins and nutrients, and formulated at a pH level of four, it replenishes and gives your skin a strong, healthy appearance. This product is vegan and gluten-free. <br><br>&quot;Hi all! Every day, I add protein powder to my smoothie for muscle support. I wanted a different kind of moisturizer that would do the same for my collagen&#151;help support, maintain, and possibly prevent the breakdown of existing. Protini was born. Jam-packed with crazy levels of amino acids, signal peptides, and safe, synthetic growth factors (the good kind), this dreamy cream melts right into your skin to make it hydrated, bouncy, and balanced. I’m hoping you’ll fall #drunkinlove!&quot;&#151;Tiffany Masterson, Founder of Drunk Elephant <br><br>Drunk Elephant is committed to using only clean ingredients that either directly benefit the skin’s health or support the integrity and effectiveness of the formulations. They never take into account an ingredient’s synthetic or natural status, but instead choose based on its safety and bio-compatibility. You won’t find what Drunk Elephant calls &quot;the suspicious six&quot; of any kind in their products (1. silicones, 2. chemical screens, 3. sensitizing colorants/perfumes, 4. sodium lauryl sulfate (SLS) 5. essential oils, 6. drying alcohols), making them appropriate for all skin. They believe that these six ubiquitous ingredients are at the root of almost every skin issue. When formulating the products, they focus on pH and toxicity, always making sure that the actives are at efficacious levels. This is the Drunk Elephant difference.<br><br>Drunk Elephant is a supporter of IEF (International Elephant Foundation) and is cruelty-free.<br><br><b>Research results:</b><br> In an independent consumer testing panel of 50 women age 25 to 55: <br>- 100% agreed their skin felt replenished and nourished <br>- 97% agreed their skin felt moisturized <br>- 97% agreed their skin texture felt soft and smooth <br>- 88% agreed their skin was strengthened <br>- 85% agreed their skin looked plumped and youthful <br>- 73% agreed their skin felt firmer and elastic  <br><br><b>Clean at Sephora</b><br> When you spot our Clean seal, you can be sure we’ve checked that this brand’s product is made without the ingredients you told us you’d most like to avoid.<br><br>Clean at Sephora&trade; is formulated without:<br>Sulfates SLS and SLES, parabens, formaldehydes, formaldehyde-releasing agents, phthalates, mineral oil, retinyl palmitate, oxybenzone, coal tar, hydroquinone, triclosan, triclocarban. All skincare, hair, and makeup brands with the Clean Seal have less than one percent of synthetic fragrances.",34.0,2.5,11800,104.5,1,Protini Polypeptide Moisturizer,68.0,,"https://www.sephora.com/productimages/sku/s2025633-main-zoom.jpg,https://www.sephora.com/productimages/product/p427421-av-03-zoom.jpg,https://www.sephora.com/productimages/product/p427421-av-04-zoom.jpg,https://www.sephora.com/productimages/product/p427421-av-05-zoom.jpg,https://www.sephora.com/productimages/product/p427421-av-06-zoom.jpg",,https://www.sephora.com/product/protini-tm-polypeptide-cream-P427421?skuId=2025633,0.5,"A protein moisturizer that combines an unprecedented array and concentration of actives for improvement in the appearance of skin’s tone, texture, and firmness.",sephora-2025633,Sephora,,taxable,0.5,0,simple,1,visible
Medium ,1,Color,"Fair ,Fair Light ,Light ,Light Medium ,Medium ,Neutral Medium ,Medium Tan ,Neutral Tan ,Tan ,Rich ,Deep ,Rich Honey ",1,,,,,,,,,,,0,IT Cosmetics,Beauty>Makeup>Face>BB & CC Cream,"<b>Coverage:</b><br>&#10004; Full<br><br><b>Skin type:</b><br>&#10004; Normal<br>&#10004; Dry<br>&#10004; Combination<br>&#10004; Oily<br><br><b>Finish:</b><br>&#10004; Natural<br><br><b>SPF:</b><br>- 50<br><br><b>What it is:</b><br> A bestselling, award-winning, color-correcting, full-coverage cream with anti-aging skincare and SPF 50+ physical sunscreen.<br><br><b>What it does:</b><br> This color-correcting cream provides full, flawless coverage and protects skin with SPF 50+ UVA/UVB broad-spectrum physical sunscreen. It is clinically tested to increase hydration, smooth texture, and enhance the look of brightness. The breakthrough formula doesn't crease or crack and instantly camouflages imperfections, including dark spots. Plus, it’s infused with an advanced anti-aging serum made of hydrolyzed collagen, peptides, niacin, hyaluronic acid, vitamins, and antioxidants that work in harmony to diminish the appearance of wrinkles and pores to create a more radiant, supple, and flawless-looking complexion.<br><br><b>What it is formulated WITHOUT:</b><br>- Parabens<br>- Phthalates<br><br><b>What else you need to know:</b><br> This product is an <i>Allure</i> Readers' Choice award winner.<br><br>This product was developed with plastic surgeons and dermatologists. It is clinically tested and cruelty-free.<br><br>&quot;This truly is an all-in-one, multitasking beauty miracle for your most beautiful skin! If you can’t decide between light and medium, definitely choose medium. I wear medium every day. It really adjusts to your skin tone perfectly!&quot;&#151;Jamie Kern Lima, Co-Founder and CEO, IT Cosmetics",19.5,1.25,6700,59.75,1,CC+ Cream with SPF 50+,39.0,,"https://www.sephora.com/productimages/sku/s1868165-main-zoom.jpg,https://www.sephora.com/productimages/product/p411885-av-02-zoom.jpg,https://www.sephora.com/productimages/product/p411885-av-03-zoom.jpg,https://www.sephora.com/productimages/sku/s1868165-av-01-zoom.jpg,https://www.sephora.com/productimages/sku/s1868165-av-02-zoom.jpg",,https://www.sephora.com/product/your-skin-but-better-cc-cream-spf-50-P411885?skuId=1868165,0.5,"A bestselling, award-winning, color-correcting, full-coverage cream with anti-aging skincare and SPF 50+ physical sunscreen.",sephora-1868165,Sephora,,taxable,0.25,0,variable,1,visible
8 oz ,1,Size,"3 oz/ 90 mL ,8 oz ,16 oz ,24 oz ,32 oz  ",1,,,,,,,,,,,0,philosophy,Beauty>Skincare>Cleansers,"<b>What it is: </b>A face wash for easy, one-step cleansing&151;Purity Made Simple Facial Cleanser, the number one face wash in America.  
<br><br><b>Skin Type: </b>Normal, Dry, Combination, and Oily
<br><br><b>Skincare Concerns: </b>Pores, Dryness, and Dullness and Uneven Texture
<br><br><b> Ingredient Callouts: </b>Free of phthalates.
<br><br><b>What Else You Need to Know: </b>Begin with the most basic step of all. Purity Made Simple one-step facial cleanser is an award-winning cleanser that melts away dirt, oil, and makeup. It tones and lightly hydrates in one simple step for skin that feels perfectly clean and comfortably balanced. Formulated for all skin types and gentle enough for the sensitive eye area, it deep cleans pores while natural oil extracts help condition skin. 	
<br><br>This product is a an <i>Allure</i> Best of Beauty award winner. 
<br><br><b>Clinical Results: </b>In clinical tests:
<br>- 100% reported that the cleanser is gentle enough for the eye area 
<br>- 97% reported effective removal of dirt, oil, and makeup 
<br>- 97% reported a clean, residue-free finish		",12.0,3.5,4500,39.5,1,Purity Made Simple Cleanser,24.0,,"https://www.sephora.com/productimages/sku/s407304-main-zoom.jpg,https://www.sephora.com/productimages/product/p7109-av-01-zoom.jpg,https://www.sephora.com/productimages/product/p7109-av-02-zoom.jpg",,https://www.sephora.com/product/purity-made-simple-P7109?skuId=407304,0.5,"A face wash for easy, one-step cleansing&151;Purity Made Simple Facial Cleanser, the number one face wash in America.  ",sephora-407304,Sephora,,taxable,0.7,0,variable,1,visible
,1,Color,230 for medium skin with neutral undertones,1,,,,,,,,,,,0,FENTY BEAUTY by Rihanna,Beauty>Makeup>Face>Foundation,,17.5,2.5,6200,55.0,1,Pro Filt'r Soft Matte Longwear Foundation,35.0,sephora-2164671,"https://www.sephora.com/productimages/sku/s1925254-main-zoom.jpg,https://www.sephora.com/productimages/product/p87985432-av-01-zoom.jpg,https://www.sephora.com/productimages/sku/s1925254-av-01-zoom.jpg",,https://www.sephora.com/product/pro-filtr-soft-matte-longwear-foundation-P87985432?skuId=2164671,0.5,,,Sephora,,taxable,0.5,0,variation,1,visible
,1,Color,235 for medium skin with warm undertones,1,,,,,,,,,,,0,FENTY BEAUTY by Rihanna,Beauty>Makeup>Face>Foundation,,17.5,2.5,6200,55.0,1,Pro Filt'r Soft Matte Longwear Foundation,35.0,sephora-2164671,"https://www.sephora.com/productimages/sku/s2164630-main-zoom.jpg,https://www.sephora.com/productimages/product/p87985432-av-01-zoom.jpg,https://www.sephora.com/productimages/sku/s2164630-av-01-zoom.jpg",,https://www.sephora.com/product/pro-filtr-soft-matte-longwear-foundation-P87985432?skuId=2164671,0.5,,,Sephora,,taxable,0.5,0,variation,1,visible
,1,Color,240 for medium skin with warm yellow undertones,1,,,,,,,,,,,0,FENTY BEAUTY by Rihanna,Beauty>Makeup>Face>Foundation,,17.5,2.5,6200,55.0,1,Pro Filt'r Soft Matte Longwear Foundation,35.0,sephora-2164671,"https://www.sephora.com/productimages/sku/s1925262-main-zoom.jpg,https://www.sephora.com/productimages/product/p87985432-av-01-zoom.jpg,https://www.sephora.com/productimages/sku/s1925262-av-01-zoom.jpg",,https://www.sephora.com/product/pro-filtr-soft-matte-longwear-foundation-P87985432?skuId=2164671,0.5,,,Sephora,,taxable,0.5,0,variation,1,visible
,1,Color,250 for medium skin with warm peach undertones,1,,,,,,,,,,,0,FENTY BEAUTY by Rihanna,Beauty>Makeup>Face>Foundation,,17.5,2.5,6200,55.0,1,Pro Filt'r Soft Matte Longwear Foundation,35.0,sephora-2164671,"https://www.sephora.com/productimages/sku/s1925270-main-zoom.jpg,https://www.sephora.com/productimages/product/p87985432-av-01-zoom.jpg,https://www.sephora.com/productimages/sku/s1925270-av-01-zoom.jpg",,https://www.sephora.com/product/pro-filtr-soft-matte-longwear-foundation-P87985432?skuId=2164671,0.5,,,Sephora,,taxable,0.5,0,variation,1,visible
,1,Color,255 for medium skin with very warm undertones,1,,,,,,,,,,,0,FENTY BEAUTY by Rihanna,Beauty>Makeup>Face>Foundation,,17.5,2.5,6200,55.0,1,Pro Filt'r Soft Matte Longwear Foundation,35.0,sephora-2164671,"https://www.sephora.com/productimages/sku/s2164648-main-zoom.jpg,https://www.sephora.com/productimages/product/p87985432-av-01-zoom.jpg,https://www.sephora.com/productimages/sku/s2164648-av-01-zoom.jpg",,https://www.sephora.com/product/pro-filtr-soft-matte-longwear-foundation-P87985432?skuId=2164671,0.5,,,Sephora,,taxable,0.5,0,variation,1,visible
,1,Color,260 for medium skin with neutral undertones,1,,,,,,,,,,,0,FENTY BEAUTY by Rihanna,Beauty>Makeup>Face>Foundation,,17.5,2.5,6200,55.0,1,Pro Filt'r Soft Matte Longwear Foundation,35.0,sephora-2164671,"https://www.sephora.com/productimages/sku/s1925288-main-zoom.jpg,https://www.sephora.com/productimages/product/p87985432-av-01-zoom.jpg,https://www.sephora.com/productimages/sku/s1925288-av-01-zoom.jpg",,https://www.sephora.com/product/pro-filtr-soft-matte-longwear-foundation-P87985432?skuId=2164671,0.5,,,Sephora,,taxable,0.5,0,variation,1,visible
,1,Color,270 for medium to tan skin with cool undertones,1,,,,,,,,,,,0,FENTY BEAUTY by Rihanna,Beauty>Makeup>Face>Foundation,,17.5,2.5,6200,55.0,1,Pro Filt'r Soft Matte Longwear Foundation,35.0,sephora-2164671,"https://www.sephora.com/productimages/sku/s1925296-main-zoom.jpg,https://www.sephora.com/productimages/product/p87985432-av-01-zoom.jpg,https://www.sephora.com/productimages/sku/s1925296-av-01-zoom.jpg",,https://www.sephora.com/product/pro-filtr-soft-matte-longwear-foundation-P87985432?skuId=2164671,0.5,,,Sephora,,taxable,0.5,0,variation,1,visible
,1,Color,280 for medium to tan skin with neutral undertones,1,,,,,,,,,,,0,FENTY BEAUTY by Rihanna,Beauty>Makeup>Face>Foundation,,17.5,2.5,6200,55.0,1,Pro Filt'r Soft Matte Longwear Foundation,35.0,sephora-2164671,"https://www.sephora.com/productimages/sku/s1925304-main-zoom.jpg,https://www.sephora.com/productimages/product/p87985432-av-01-zoom.jpg,https://www.sephora.com/productimages/sku/s1925304-av-01-zoom.jpg",,https://www.sephora.com/product/pro-filtr-soft-matte-longwear-foundation-P87985432?skuId=2164671,0.5,,,Sephora,,taxable,0.5,0,variation,1,visible
,1,Color,290 for medium to tan skin with warm olive undertones,1,,,,,,,,,,,0,FENTY BEAUTY by Rihanna,Beauty>Makeup>Face>Foundation,,17.5,2.5,6200,55.0,1,Pro Filt'r Soft Matte Longwear Foundation,35.0,sephora-2164671,"https://www.sephora.com/productimages/sku/s1925312-main-zoom.jpg,https://www.sephora.com/productimages/product/p87985432-av-01-zoom.jpg,https://www.sephora.com/productimages/sku/s1925312-av-01-zoom.jpg",,https://www.sephora.com/product/pro-filtr-soft-matte-longwear-foundation-P87985432?skuId=2164671,0.5,,,Sephora,,taxable,0.5,0,variation,1,visible
,1,Color,300 for medium to tan skin with warm undertones,1,,,,,,,,,,,0,FENTY BEAUTY by Rihanna,Beauty>Makeup>Face>Foundation,,17.5,2.5,6200,55.0,1,Pro Filt'r Soft Matte Longwear Foundation,35.0,sephora-2164671,"https://www.sephora.com/productimages/sku/s1925320-main-zoom.jpg,https://www.sephora.com/productimages/product/p87985432-av-01-zoom.jpg,https://www.sephora.com/productimages/sku/s1925320-av-01-zoom.jpg",,https://www.sephora.com/product/pro-filtr-soft-matte-longwear-foundation-P87985432?skuId=2164671,0.5,,,Sephora,,taxable,0.5,0,variation,1,visible
,1,Color,310 for medium to tan skin with warm yellow undertones,1,,,,,,,,,,,0,FENTY BEAUTY by Rihanna,Beauty>Makeup>Face>Foundation,,17.5,2.5,6200,55.0,1,Pro Filt'r Soft Matte Longwear Foundation,35.0,sephora-2164671,"https://www.sephora.com/productimages/sku/s1925338-main-zoom.jpg,https://www.sephora.com/productimages/product/p87985432-av-01-zoom.jpg,https://www.sephora.com/productimages/sku/s1925338-av-01-zoom.jpg",,https://www.sephora.com/product/pro-filtr-soft-matte-longwear-foundation-P87985432?skuId=2164671,0.5,,,Sephora,,taxable,0.5,0,variation,1,visible
,1,Color,320 for medium to tan skin with cool undertones,1,,,,,,,,,,,0,FENTY BEAUTY by Rihanna,Beauty>Makeup>Face>Foundation,,17.5,2.5,6200,55.0,1,Pro Filt'r Soft Matte Longwear Foundation,35.0,sephora-2164671,"https://www.sephora.com/productimages/sku/s1925346-main-zoom.jpg,https://www.sephora.com/productimages/product/p87985432-av-01-zoom.jpg,https://www.sephora.com/productimages/sku/s1925346-av-01-zoom.jpg",,https://www.sephora.com/product/pro-filtr-soft-matte-longwear-foundation-P87985432?skuId=2164671,0.5,,,Sephora,,taxable,0.5,0,variation,1,visible
,1,Color,330 for tan skin with warm undertones,1,,,,,,,,,,,0,FENTY BEAUTY by Rihanna,Beauty>Makeup>Face>Foundation,,17.5,2.5,6200,55.0,1,Pro Filt'r Soft Matte Longwear Foundation,35.0,sephora-2164671,"https://www.sephora.com/productimages/sku/s1925353-main-zoom.jpg,https://www.sephora.com/productimages/product/p87985432-av-01-zoom.jpg,https://www.sephora.com/productimages/sku/s1925353-av-01-zoom.jpg",,https://www.sephora.com/product/pro-filtr-soft-matte-longwear-foundation-P87985432?skuId=2164671,0.5,,,Sephora,,taxable,0.5,0,variation,1,visible
,1,Color,340 for tan skin with cool undertones,1,,,,,,,,,,,0,FENTY BEAUTY by Rihanna,Beauty>Makeup>Face>Foundation,,17.5,2.5,6200,55.0,1,Pro Filt'r Soft Matte Longwear Foundation,35.0,sephora-2164671,"https://www.sephora.com/productimages/sku/s1925361-main-zoom.jpg,https://www.sephora.com/productimages/product/p87985432-av-01-zoom.jpg,https://www.sephora.com/productimages/sku/s1925361-av-01-zoom.jpg",,https://www.sephora.com/product/pro-filtr-soft-matte-longwear-foundation-P87985432?skuId=2164671,0.5,,,Sephora,,taxable,0.5,0,variation,1,visible
,1,Color,345 for tan skin with warm olive undertones,1,,,,,,,,,,,0,FENTY BEAUTY by Rihanna,Beauty>Makeup>Face>Foundation,,17.5,2.5,6200,55.0,1,Pro Filt'r Soft Matte Longwear Foundation,35.0,sephora-2164671,"https://www.sephora.com/productimages/sku/s2164655-main-zoom.jpg,https://www.sephora.com/productimages/product/p87985432-av-01-zoom.jpg,https://www.sephora.com/productimages/sku/s2164655-av-01-zoom.jpg",,https://www.sephora.com/product/pro-filtr-soft-matte-longwear-foundation-P87985432?skuId=2164671,0.5,,,Sephora,,taxable,0.5,0,variation,1,visible
,1,Color,350 for tan skin with cool neutral undertones,1,,,,,,,,,,,0,FENTY BEAUTY by Rihanna,Beauty>Makeup>Face>Foundation,,17.5,2.5,6200,55.0,1,Pro Filt'r Soft Matte Longwear Foundation,35.0,sephora-2164671,"https://www.sephora.com/productimages/sku/s1925379-main-zoom.jpg,https://www.sephora.com/productimages/product/p87985432-av-01-zoom.jpg,https://www.sephora.com/productimages/sku/s1925379-av-01-zoom.jpg",,https://www.sephora.com/product/pro-filtr-soft-matte-longwear-foundation-P87985432?skuId=2164671,0.5,,,Sephora,,taxable,0.5,0,variation,1,visible
,1,Color,Fair ,1,,,,,,,,,,,0,IT Cosmetics,Beauty>Makeup>Face>BB & CC Cream,,19.5,1.25,6700,59.75,1,CC+ Cream with SPF 50+,39.0,sephora-1868165,"https://www.sephora.com/productimages/sku/s1868140-main-zoom.jpg,https://www.sephora.com/productimages/product/p411885-av-02-zoom.jpg,https://www.sephora.com/productimages/product/p411885-av-03-zoom.jpg,https://www.sephora.com/productimages/sku/s1868140-av-01-zoom.jpg,https://www.sephora.com/productimages/sku/s1868140-av-02-zoom.jpg",,https://www.sephora.com/product/your-skin-but-better-cc-cream-spf-50-P411885?skuId=1868165,0.5,,,Sephora,,taxable,0.25,0,variation,1,visible
,1,Color,Fair Light ,1,,,,,,,,,,,0,IT Cosmetics,Beauty>Makeup>Face>BB & CC Cream,,19.5,1.25,6700,59.75,1,CC+ Cream with SPF 50+,39.0,sephora-1868165,"https://www.sephora.com/productimages/sku/s2130920-main-zoom.jpg,https://www.sephora.com/productimages/product/p411885-av-02-zoom.jpg,https://www.sephora.com/productimages/product/p411885-av-03-zoom.jpg,https://www.sephora.com/productimages/sku/s2130920-av-01-zoom.jpg",,https://www.sephora.com/product/your-skin-but-better-cc-cream-spf-50-P411885?skuId=1868165,0.5,,,Sephora,,taxable,0.25,0,variation,1,visible
,1,Color,Light ,1,,,,,,,,,,,0,IT Cosmetics,Beauty>Makeup>Face>BB & CC Cream,,19.5,1.25,6700,59.75,1,CC+ Cream with SPF 50+,39.0,sephora-1868165,"https://www.sephora.com/productimages/sku/s1868157-main-zoom.jpg,https://www.sephora.com/productimages/product/p411885-av-02-zoom.jpg,https://www.sephora.com/productimages/product/p411885-av-03-zoom.jpg,https://www.sephora.com/productimages/sku/s1868157-av-01-zoom.jpg,https://www.sephora.com/productimages/sku/s1868157-av-02-zoom.jpg",,https://www.sephora.com/product/your-skin-but-better-cc-cream-spf-50-P411885?skuId=1868165,0.5,,,Sephora,,taxable,0.25,0,variation,1,visible
,1,Color,Light Medium ,1,,,,,,,,,,,0,IT Cosmetics,Beauty>Makeup>Face>BB & CC Cream,,19.5,1.25,6700,59.75,1,CC+ Cream with SPF 50+,39.0,sephora-1868165,"https://www.sephora.com/productimages/sku/s2130938-main-zoom.jpg,https://www.sephora.com/productimages/product/p411885-av-02-zoom.jpg,https://www.sephora.com/productimages/product/p411885-av-03-zoom.jpg,https://www.sephora.com/productimages/sku/s2130938-av-01-zoom.jpg,https://www.sephora.com/productimages/sku/s2130938-av-02-zoom.jpg",,https://www.sephora.com/product/your-skin-but-better-cc-cream-spf-50-P411885?skuId=1868165,0.5,,,Sephora,,taxable,0.25,0,variation,1,visible
,1,Color,Medium ,1,,,,,,,,,,,0,IT Cosmetics,Beauty>Makeup>Face>BB & CC Cream,,19.5,1.25,6700,59.75,1,CC+ Cream with SPF 50+,39.0,sephora-1868165,"https://www.sephora.com/productimages/sku/s1868165-main-zoom.jpg,https://www.sephora.com/productimages/product/p411885-av-02-zoom.jpg,https://www.sephora.com/productimages/product/p411885-av-03-zoom.jpg,https://www.sephora.com/productimages/sku/s1868165-av-01-zoom.jpg,https://www.sephora.com/productimages/sku/s1868165-av-02-zoom.jpg",,https://www.sephora.com/product/your-skin-but-better-cc-cream-spf-50-P411885?skuId=1868165,0.5,,,Sephora,,taxable,0.25,0,variation,1,visible
,1,Color,Neutral Medium ,1,,,,,,,,,,,0,IT Cosmetics,Beauty>Makeup>Face>BB & CC Cream,,19.5,1.25,6700,59.75,1,CC+ Cream with SPF 50+,39.0,sephora-1868165,"https://www.sephora.com/productimages/sku/s2130946-main-zoom.jpg,https://www.sephora.com/productimages/product/p411885-av-02-zoom.jpg,https://www.sephora.com/productimages/product/p411885-av-03-zoom.jpg,https://www.sephora.com/productimages/sku/s2130946-av-01-zoom.jpg,https://www.sephora.com/productimages/sku/s2130946-av-02-zoom.jpg",,https://www.sephora.com/product/your-skin-but-better-cc-cream-spf-50-P411885?skuId=1868165,0.5,,,Sephora,,taxable,0.25,0,variation,1,visible
,1,Color,Medium Tan ,1,,,,,,,,,,,0,IT Cosmetics,Beauty>Makeup>Face>BB & CC Cream,,19.5,1.25,6700,59.75,1,CC+ Cream with SPF 50+,39.0,sephora-1868165,"https://www.sephora.com/productimages/sku/s1942762-main-zoom.jpg,https://www.sephora.com/productimages/product/p411885-av-02-zoom.jpg,https://www.sephora.com/productimages/product/p411885-av-03-zoom.jpg,https://www.sephora.com/productimages/sku/s1942762-av-01-zoom.jpg,https://www.sephora.com/productimages/sku/s1942762-av-02-zoom.jpg",,https://www.sephora.com/product/your-skin-but-better-cc-cream-spf-50-P411885?skuId=1868165,0.5,,,Sephora,,taxable,0.25,0,variation,1,visible
,1,Color,Neutral Tan ,1,,,,,,,,,,,0,IT Cosmetics,Beauty>Makeup>Face>BB & CC Cream,,19.5,1.25,6700,59.75,1,CC+ Cream with SPF 50+,39.0,sephora-1868165,"https://www.sephora.com/productimages/sku/s2130953-main-zoom.jpg,https://www.sephora.com/productimages/product/p411885-av-02-zoom.jpg,https://www.sephora.com/productimages/product/p411885-av-03-zoom.jpg,https://www.sephora.com/productimages/sku/s2130953-av-01-zoom.jpg,https://www.sephora.com/productimages/sku/s2130953-av-02-zoom.jpg",,https://www.sephora.com/product/your-skin-but-better-cc-cream-spf-50-P411885?skuId=1868165,0.5,,,Sephora,,taxable,0.25,0,variation,1,visible
,1,Color,Tan ,1,,,,,,,,,,,0,IT Cosmetics,Beauty>Makeup>Face>BB & CC Cream,,19.5,1.25,6700,59.75,1,CC+ Cream with SPF 50+,39.0,sephora-1868165,"https://www.sephora.com/productimages/sku/s1868173-main-zoom.jpg,https://www.sephora.com/productimages/product/p411885-av-02-zoom.jpg,https://www.sephora.com/productimages/product/p411885-av-03-zoom.jpg,https://www.sephora.com/productimages/sku/s1868173-av-01-zoom.jpg,https://www.sephora.com/productimages/sku/s1868173-av-02-zoom.jpg",,https://www.sephora.com/product/your-skin-but-better-cc-cream-spf-50-P411885?skuId=1868165,0.5,,,Sephora,,taxable,0.25,0,variation,1,visible
,1,Color,Rich ,1,,,,,,,,,,,0,IT Cosmetics,Beauty>Makeup>Face>BB & CC Cream,,19.5,1.25,6700,59.75,1,CC+ Cream with SPF 50+,39.0,sephora-1868165,"https://www.sephora.com/productimages/sku/s1954759-main-zoom.jpg,https://www.sephora.com/productimages/product/p411885-av-02-zoom.jpg,https://www.sephora.com/productimages/product/p411885-av-03-zoom.jpg,https://www.sephora.com/productimages/sku/s1954759-av-01-zoom.jpg,https://www.sephora.com/productimages/sku/s1954759-av-02-zoom.jpg",,https://www.sephora.com/product/your-skin-but-better-cc-cream-spf-50-P411885?skuId=1868165,0.5,,,Sephora,,taxable,0.25,0,variation,1,visible
,1,Color,Deep ,1,,,,,,,,,,,0,IT Cosmetics,Beauty>Makeup>Face>BB & CC Cream,,19.5,1.25,6700,59.75,1,CC+ Cream with SPF 50+,39.0,sephora-1868165,"https://www.sephora.com/productimages/sku/s1942770-main-zoom.jpg,https://www.sephora.com/productimages/product/p411885-av-02-zoom.jpg,https://www.sephora.com/productimages/product/p411885-av-03-zoom.jpg,https://www.sephora.com/productimages/sku/s1942770-av-01-zoom.jpg,https://www.sephora.com/productimages/sku/s1942770-av-02-zoom.jpg",,https://www.sephora.com/product/your-skin-but-better-cc-cream-spf-50-P411885?skuId=1868165,0.5,,,Sephora,,taxable,0.25,0,variation,1,visible
,1,Color,Rich Honey ,1,,,,,,,,,,,0,IT Cosmetics,Beauty>Makeup>Face>BB & CC Cream,,19.5,1.25,6700,59.75,1,CC+ Cream with SPF 50+,39.0,sephora-1868165,"https://www.sephora.com/productimages/sku/s2130961-main-zoom.jpg,https://www.sephora.com/productimages/product/p411885-av-02-zoom.jpg,https://www.sephora.com/productimages/product/p411885-av-03-zoom.jpg,https://www.sephora.com/productimages/sku/s2130961-av-01-zoom.jpg,https://www.sephora.com/productimages/sku/s2130961-av-02-zoom.jpg",,https://www.sephora.com/product/your-skin-but-better-cc-cream-spf-50-P411885?skuId=1868165,0.5,,,Sephora,,taxable,0.25,0,variation,1,visible
,1,Size,3 oz/ 90 mL ,1,,,,,,,,,,,0,philosophy,Beauty>Skincare>Cleansers,,5.5,3.5,2300,20.0,1,Purity Made Simple Cleanser,11.0,sephora-407304,"https://www.sephora.com/productimages/sku/s705988-main-zoom.jpg,https://www.sephora.com/productimages/product/p7109-av-01-zoom.jpg,https://www.sephora.com/productimages/product/p7109-av-02-zoom.jpg",,https://www.sephora.com/product/purity-made-simple-P7109?skuId=407304,0.5,,,Sephora,,taxable,0.7,0,variation,1,visible
,1,Size,8 oz ,1,,,,,,,,,,,0,philosophy,Beauty>Skincare>Cleansers,,12.0,3.5,4500,39.5,1,Purity Made Simple Cleanser,24.0,sephora-407304,"https://www.sephora.com/productimages/sku/s407304-main-zoom.jpg,https://www.sephora.com/productimages/product/p7109-av-01-zoom.jpg,https://www.sephora.com/productimages/product/p7109-av-02-zoom.jpg",,https://www.sephora.com/product/purity-made-simple-P7109?skuId=407304,0.5,,,Sephora,,taxable,0.7,0,variation,1,visible
,1,Size,16 oz ,1,,,,,,,,,,,0,philosophy,Beauty>Skincare>Cleansers,,18.0,3.5,6500,57.5,1,Purity Made Simple Cleanser,36.0,sephora-407304,"https://www.sephora.com/productimages/sku/s524348-main-zoom.jpg,https://www.sephora.com/productimages/product/p7109-av-01-zoom.jpg,https://www.sephora.com/productimages/product/p7109-av-02-zoom.jpg",,https://www.sephora.com/product/purity-made-simple-P7109?skuId=407304,0.5,,,Sephora,,taxable,0.7,0,variation,1,visible
,1,Size,24 oz ,1,,,,,,,,,,,0,philosophy,Beauty>Skincare>Cleansers,,22.0,3.5,7800,69.5,1,Purity Made Simple Cleanser,44.0,sephora-407304,"https://www.sephora.com/productimages/sku/s1059765-main-zoom.jpg,https://www.sephora.com/productimages/product/p7109-av-01-zoom.jpg,https://www.sephora.com/productimages/product/p7109-av-02-zoom.jpg",,https://www.sephora.com/product/purity-made-simple-P7109?skuId=407304,0.5,,,Sephora,,taxable,0.7,0,variation,1,visible
,1,Size,32 oz  ,1,,,,,,,,,,,0,philosophy,Beauty>Skincare>Cleansers,,27.5,3.5,9700,86.0,1,Purity Made Simple Cleanser,55.0,sephora-407304,"https://www.sephora.com/productimages/sku/s1225341-main-zoom.jpg,https://www.sephora.com/productimages/product/p7109-av-01-zoom.jpg,https://www.sephora.com/productimages/product/p7109-av-02-zoom.jpg",,https://www.sephora.com/product/purity-made-simple-P7109?skuId=407304,0.5,,,Sephora,,taxable,0.7,0,variation,1,visible
,1,Color,360 for tan skin with neutral undertones,1,,,,,,,,,,,0,FENTY BEAUTY by Rihanna,Beauty>Makeup>Face>Foundation,,17.5,2.5,6200,55.0,1,Pro Filt'r Soft Matte Longwear Foundation,35.0,sephora-2164671,"https://www.sephora.com/productimages/sku/s1925387-main-zoom.jpg,https://www.sephora.com/productimages/product/p87985432-av-01-zoom.jpg,https://www.sephora.com/productimages/sku/s1925387-av-01-zoom.jpg",,https://www.sephora.com/product/pro-filtr-soft-matte-longwear-foundation-P87985432?skuId=2164671,0.5,,,Sephora,,taxable,0.5,0,variation,1,visible
,1,Color,370 for tan skin with warm neutral undertones,1,,,,,,,,,,,0,FENTY BEAUTY by Rihanna,Beauty>Makeup>Face>Foundation,,17.5,2.5,6200,55.0,1,Pro Filt'r Soft Matte Longwear Foundation,35.0,sephora-2164671,"https://www.sephora.com/productimages/sku/s1925395-main-zoom.jpg,https://www.sephora.com/productimages/product/p87985432-av-01-zoom.jpg,https://www.sephora.com/productimages/sku/s1925395-av-01-zoom.jpg",,https://www.sephora.com/product/pro-filtr-soft-matte-longwear-foundation-P87985432?skuId=2164671,0.5,,,Sephora,,taxable,0.5,0,variation,1,visible
,1,Color,380 for tan to deep skin with cool undertones,1,,,,,,,,,,,0,FENTY BEAUTY by Rihanna,Beauty>Makeup>Face>Foundation,,17.5,2.5,6200,55.0,1,Pro Filt'r Soft Matte Longwear Foundation,35.0,sephora-2164671,"https://www.sephora.com/productimages/sku/s1925403-main-zoom.jpg,https://www.sephora.com/productimages/product/p87985432-av-01-zoom.jpg,https://www.sephora.com/productimages/sku/s1925403-av-01-zoom.jpg",,https://www.sephora.com/product/pro-filtr-soft-matte-longwear-foundation-P87985432?skuId=2164671,0.5,,,Sephora,,taxable,0.5,0,variation,1,visible
,1,Color,385 for tan to deep skin with neutral undertones,1,,,,,,,,,,,0,FENTY BEAUTY by Rihanna,Beauty>Makeup>Face>Foundation,,17.5,2.5,6200,55.0,1,Pro Filt'r Soft Matte Longwear Foundation,35.0,sephora-2164671,"https://www.sephora.com/productimages/sku/s2164663-main-zoom.jpg,https://www.sephora.com/productimages/product/p87985432-av-01-zoom.jpg,https://www.sephora.com/productimages/sku/s2164663-av-01-zoom.jpg",,https://www.sephora.com/product/pro-filtr-soft-matte-longwear-foundation-P87985432?skuId=2164671,0.5,,,Sephora,,taxable,0.5,0,variation,1,visible
,1,Color,390 for tan to deep skin with warm yellow undertones,1,,,,,,,,,,,0,FENTY BEAUTY by Rihanna,Beauty>Makeup>Face>Foundation,,17.5,2.5,6200,55.0,1,Pro Filt'r Soft Matte Longwear Foundation,35.0,sephora-2164671,"https://www.sephora.com/productimages/sku/s1925411-main-zoom.jpg,https://www.sephora.com/productimages/product/p87985432-av-01-zoom.jpg,https://www.sephora.com/productimages/sku/s1925411-av-01-zoom.jpg",,https://www.sephora.com/product/pro-filtr-soft-matte-longwear-foundation-P87985432?skuId=2164671,0.5,,,Sephora,,taxable,0.5,0,variation,1,visible
,1,Color,400 for tan to deep skin with very warm undertones,1,,,,,,,,,,,0,FENTY BEAUTY by Rihanna,Beauty>Makeup>Face>Foundation,,17.5,2.5,6200,55.0,1,Pro Filt'r Soft Matte Longwear Foundation,35.0,sephora-2164671,"https://www.sephora.com/productimages/sku/s1925429-main-zoom.jpg,https://www.sephora.com/productimages/product/p87985432-av-01-zoom.jpg,https://www.sephora.com/productimages/sku/s1925429-av-01-zoom.jpg",,https://www.sephora.com/product/pro-filtr-soft-matte-longwear-foundation-P87985432?skuId=2164671,0.5,,,Sephora,,taxable,0.5,0,variation,1,visible
,1,Color,410 for tan to deep skin with warm golden undertones,1,,,,,,,,,,,0,FENTY BEAUTY by Rihanna,Beauty>Makeup>Face>Foundation,,17.5,2.5,6200,55.0,1,Pro Filt'r Soft Matte Longwear Foundation,35.0,sephora-2164671,"https://www.sephora.com/productimages/sku/s1925437-main-zoom.jpg,https://www.sephora.com/productimages/product/p87985432-av-01-zoom.jpg,https://www.sephora.com/productimages/sku/s1925437-av-01-zoom.jpg",,https://www.sephora.com/product/pro-filtr-soft-matte-longwear-foundation-P87985432?skuId=2164671,0.5,,,Sephora,,taxable,0.5,0,variation,1,visible
,1,Color,420 for tan to deep skin with warm undertones,1,,,,,,,,,,,0,FENTY BEAUTY by Rihanna,Beauty>Makeup>Face>Foundation,,17.5,2.5,6200,55.0,1,Pro Filt'r Soft Matte Longwear Foundation,35.0,sephora-2164671,"https://www.sephora.com/productimages/sku/s1925445-main-zoom.jpg,https://www.sephora.com/productimages/product/p87985432-av-01-zoom.jpg,https://www.sephora.com/productimages/sku/s1925445-av-01-zoom.jpg",,https://www.sephora.com/product/pro-filtr-soft-matte-longwear-foundation-P87985432?skuId=2164671,0.5,,,Sephora,,taxable,0.5,0,variation,1,visible
,1,Color,430 for deep skin with warm golden undertones,1,,,,,,,,,,,0,FENTY BEAUTY by Rihanna,Beauty>Makeup>Face>Foundation,,17.5,2.5,6200,55.0,1,Pro Filt'r Soft Matte Longwear Foundation,35.0,sephora-2164671,"https://www.sephora.com/productimages/sku/s1925452-main-zoom.jpg,https://www.sephora.com/productimages/product/p87985432-av-01-zoom.jpg,https://www.sephora.com/productimages/sku/s1925452-av-01-zoom.jpg",,https://www.sephora.com/product/pro-filtr-soft-matte-longwear-foundation-P87985432?skuId=2164671,0.5,,,Sephora,,taxable,0.5,0,variation,1,visible
,1,Color,440 for deep skin with warm undertones,1,,,,,,,,,,,0,FENTY BEAUTY by Rihanna,Beauty>Makeup>Face>Foundation,,17.5,2.5,6200,55.0,1,Pro Filt'r Soft Matte Longwear Foundation,35.0,sephora-2164671,"https://www.sephora.com/productimages/sku/s1925460-main-zoom.jpg,https://www.sephora.com/productimages/product/p87985432-av-01-zoom.jpg,https://www.sephora.com/productimages/sku/s1925460-av-01-zoom.jpg",,https://www.sephora.com/product/pro-filtr-soft-matte-longwear-foundation-P87985432?skuId=2164671,0.5,,,Sephora,,taxable,0.5,0,variation,1,visible
,1,Color,445 for deep skin with warm olive undertones,1,,,,,,,,,,,0,FENTY BEAUTY by Rihanna,Beauty>Makeup>Face>Foundation,,17.5,2.5,6200,55.0,1,Pro Filt'r Soft Matte Longwear Foundation,35.0,sephora-2164671,"https://www.sephora.com/productimages/sku/s2164671-main-zoom.jpg,https://www.sephora.com/productimages/product/p87985432-av-01-zoom.jpg,https://www.sephora.com/productimages/sku/s2164671-av-01-zoom.jpg",,https://www.sephora.com/product/pro-filtr-soft-matte-longwear-foundation-P87985432?skuId=2164671,0.5,,,Sephora,,taxable,0.5,0,variation,1,visible
,1,Color,450 for deep skin with neutral undertones,1,,,,,,,,,,,0,FENTY BEAUTY by Rihanna,Beauty>Makeup>Face>Foundation,,17.5,2.5,6200,55.0,1,Pro Filt'r Soft Matte Longwear Foundation,35.0,sephora-2164671,"https://www.sephora.com/productimages/sku/s1925478-main-zoom.jpg,https://www.sephora.com/productimages/product/p87985432-av-01-zoom.jpg,https://www.sephora.com/productimages/sku/s1925478-av-01-zoom.jpg",,https://www.sephora.com/product/pro-filtr-soft-matte-longwear-foundation-P87985432?skuId=2164671,0.5,,,Sephora,,taxable,0.5,0,variation,1,visible
,1,Color,460 for deep skin with cool red undertones,1,,,,,,,,,,,0,FENTY BEAUTY by Rihanna,Beauty>Makeup>Face>Foundation,,17.5,2.5,6200,55.0,1,Pro Filt'r Soft Matte Longwear Foundation,35.0,sephora-2164671,"https://www.sephora.com/productimages/sku/s1925486-main-zoom.jpg,https://www.sephora.com/productimages/product/p87985432-av-01-zoom.jpg,https://www.sephora.com/productimages/sku/s1925486-av-01-zoom.jpg",,https://www.sephora.com/product/pro-filtr-soft-matte-longwear-foundation-P87985432?skuId=2164671,0.5,,,Sephora,,taxable,0.5,0,variation,1,visible
,1,Color,470 for deep skin with cool neutral undertones,1,,,,,,,,,,,0,FENTY BEAUTY by Rihanna,Beauty>Makeup>Face>Foundation,,17.5,2.5,6200,55.0,1,Pro Filt'r Soft Matte Longwear Foundation,35.0,sephora-2164671,"https://www.sephora.com/productimages/sku/s1925494-main-zoom.jpg,https://www.sephora.com/productimages/product/p87985432-av-01-zoom.jpg,https://www.sephora.com/productimages/sku/s1925494-av-01-zoom.jpg",,https://www.sephora.com/product/pro-filtr-soft-matte-longwear-foundation-P87985432?skuId=2164671,0.5,,,Sephora,,taxable,0.5,0,variation,1,visible
,1,Color,480 for deep skin with cool undertones,1,,,,,,,,,,,0,FENTY BEAUTY by Rihanna,Beauty>Makeup>Face>Foundation,,17.5,2.5,6200,55.0,1,Pro Filt'r Soft Matte Longwear Foundation,35.0,sephora-2164671,"https://www.sephora.com/productimages/sku/s1925502-main-zoom.jpg,https://www.sephora.com/productimages/product/p87985432-av-01-zoom.jpg,https://www.sephora.com/productimages/sku/s1925502-av-01-zoom.jpg",,https://www.sephora.com/product/pro-filtr-soft-matte-longwear-foundation-P87985432?skuId=2164671,0.5,,,Sephora,,taxable,0.5,0,variation,1,visible
,1,Color,490 for very deep skin with neutral undertones,1,,,,,,,,,,,0,FENTY BEAUTY by Rihanna,Beauty>Makeup>Face>Foundation,,17.5,2.5,6200,55.0,1,Pro Filt'r Soft Matte Longwear Foundation,35.0,sephora-2164671,"https://www.sephora.com/productimages/sku/s1925510-main-zoom.jpg,https://www.sephora.com/productimages/product/p87985432-av-01-zoom.jpg,https://www.sephora.com/productimages/sku/s1925510-av-01-zoom.jpg",,https://www.sephora.com/product/pro-filtr-soft-matte-longwear-foundation-P87985432?skuId=2164671,0.5,,,Sephora,,taxable,0.5,0,variation,1,visible
,1,Color,495 for very deep skin with cool undertones,1,,,,,,,,,,,0,FENTY BEAUTY by Rihanna,Beauty>Makeup>Face>Foundation,,17.5,2.5,6200,55.0,1,Pro Filt'r Soft Matte Longwear Foundation,35.0,sephora-2164671,"https://www.sephora.com/productimages/sku/s2164689-main-zoom.jpg,https://www.sephora.com/productimages/product/p87985432-av-01-zoom.jpg,https://www.sephora.com/productimages/sku/s2164689-av-01-zoom.jpg",,https://www.sephora.com/product/pro-filtr-soft-matte-longwear-foundation-P87985432?skuId=2164671,0.5,,,Sephora,,taxable,0.5,0,variation,1,visible
,1,Color,"498 for very rich, deep skin with neutral undertones",1,,,,,,,,,,,0,FENTY BEAUTY by Rihanna,Beauty>Makeup>Face>Foundation,,17.5,2.5,6200,55.0,1,Pro Filt'r Soft Matte Longwear Foundation,35.0,sephora-2164671,"https://www.sephora.com/productimages/sku/s2164697-main-zoom.jpg,https://www.sephora.com/productimages/product/p87985432-av-01-zoom.jpg,https://www.sephora.com/productimages/sku/s2164697-av-01-zoom.jpg",,https://www.sephora.com/product/pro-filtr-soft-matte-longwear-foundation-P87985432?skuId=2164671,0.5,,,Sephora,,taxable,0.5,0,variation,1,visible
